nohup: ignoring input
================================================================================
LEARNING CURVE BENCHMARK (CRS only)
================================================================================
Results root: /data/project/eeg_foundation/data/benchmark_results/new_results
Output dir:   /data/project/eeg_foundation/data/benchmark_results/new_results/LEARNING_CURVE
Loaded CRS labels: 382 sessions
Embedding types: ['CBraMod', 'Domain_Knowledge', 'LaBram', 'NeuroLM', 'TOTEM']

Building common session pool ...
  [CBraMod] available sessions with labels: 297
  [CBraMod] running intersection: 297
  [NeuroLM] available sessions with labels: 295
  [NeuroLM] running intersection: 294
  [TOTEM] available sessions with labels: 299
  [TOTEM] running intersection: 294
  [LaBram] available sessions with labels: 300
  [LaBram] running intersection: 294
  [Domain_Knowledge] available sessions with labels: 365
  [Domain_Knowledge] running intersection: 290
  Common session pool: 290 sessions (242 subjects)
Common pool: 290 sessions, 242 subjects

Pre-computing per-budget common splits ...
  budget=20: 20 sessions, 20 subjects, 5 outer folds — saved to /data/project/eeg_foundation/data/benchmark_results/new_results/LEARNING_CURVE/budget_20/
  budget=25: 25 sessions, 25 subjects, 5 outer folds — saved to /data/project/eeg_foundation/data/benchmark_results/new_results/LEARNING_CURVE/budget_25/
  budget=30: 30 sessions, 30 subjects, 5 outer folds — saved to /data/project/eeg_foundation/data/benchmark_results/new_results/LEARNING_CURVE/budget_30/
  budget=35: 35 sessions, 34 subjects, 5 outer folds — saved to /data/project/eeg_foundation/data/benchmark_results/new_results/LEARNING_CURVE/budget_35/
  budget=40: 40 sessions, 39 subjects, 5 outer folds — saved to /data/project/eeg_foundation/data/benchmark_results/new_results/LEARNING_CURVE/budget_40/
  budget=45: 45 sessions, 44 subjects, 5 outer folds — saved to /data/project/eeg_foundation/data/benchmark_results/new_results/LEARNING_CURVE/budget_45/
  budget=50: 50 sessions, 49 subjects, 5 outer folds — saved to /data/project/eeg_foundation/data/benchmark_results/new_results/LEARNING_CURVE/budget_50/
  budget=55: 55 sessions, 55 subjects, 5 outer folds — saved to /data/project/eeg_foundation/data/benchmark_results/new_results/LEARNING_CURVE/budget_55/
  budget=60: 60 sessions, 57 subjects, 5 outer folds — saved to /data/project/eeg_foundation/data/benchmark_results/new_results/LEARNING_CURVE/budget_60/
  budget=65: 65 sessions, 62 subjects, 5 outer folds — saved to /data/project/eeg_foundation/data/benchmark_results/new_results/LEARNING_CURVE/budget_65/
  budget=70: 70 sessions, 66 subjects, 5 outer folds — saved to /data/project/eeg_foundation/data/benchmark_results/new_results/LEARNING_CURVE/budget_70/
  budget=75: 75 sessions, 69 subjects, 5 outer folds — saved to /data/project/eeg_foundation/data/benchmark_results/new_results/LEARNING_CURVE/budget_75/
  budget=80: 80 sessions, 77 subjects, 5 outer folds — saved to /data/project/eeg_foundation/data/benchmark_results/new_results/LEARNING_CURVE/budget_80/
  budget=85: 85 sessions, 82 subjects, 5 outer folds — saved to /data/project/eeg_foundation/data/benchmark_results/new_results/LEARNING_CURVE/budget_85/
  budget=90: 90 sessions, 83 subjects, 5 outer folds — saved to /data/project/eeg_foundation/data/benchmark_results/new_results/LEARNING_CURVE/budget_90/
  budget=95: 95 sessions, 86 subjects, 5 outer folds — saved to /data/project/eeg_foundation/data/benchmark_results/new_results/LEARNING_CURVE/budget_95/
  budget=100: 100 sessions, 93 subjects, 5 outer folds — saved to /data/project/eeg_foundation/data/benchmark_results/new_results/LEARNING_CURVE/budget_100/
  budget=105: 105 sessions, 98 subjects, 5 outer folds — saved to /data/project/eeg_foundation/data/benchmark_results/new_results/LEARNING_CURVE/budget_105/
  budget=110: 110 sessions, 100 subjects, 5 outer folds — saved to /data/project/eeg_foundation/data/benchmark_results/new_results/LEARNING_CURVE/budget_110/
  budget=115: 115 sessions, 110 subjects, 5 outer folds — saved to /data/project/eeg_foundation/data/benchmark_results/new_results/LEARNING_CURVE/budget_115/
  budget=120: 120 sessions, 116 subjects, 5 outer folds — saved to /data/project/eeg_foundation/data/benchmark_results/new_results/LEARNING_CURVE/budget_120/
  budget=125: 125 sessions, 111 subjects, 5 outer folds — saved to /data/project/eeg_foundation/data/benchmark_results/new_results/LEARNING_CURVE/budget_125/
  budget=130: 130 sessions, 117 subjects, 5 outer folds — saved to /data/project/eeg_foundation/data/benchmark_results/new_results/LEARNING_CURVE/budget_130/
  budget=135: 135 sessions, 122 subjects, 5 outer folds — saved to /data/project/eeg_foundation/data/benchmark_results/new_results/LEARNING_CURVE/budget_135/
  budget=140: 140 sessions, 129 subjects, 5 outer folds — saved to /data/project/eeg_foundation/data/benchmark_results/new_results/LEARNING_CURVE/budget_140/
  budget=145: 145 sessions, 136 subjects, 5 outer folds — saved to /data/project/eeg_foundation/data/benchmark_results/new_results/LEARNING_CURVE/budget_145/
  budget=150: 150 sessions, 131 subjects, 5 outer folds — saved to /data/project/eeg_foundation/data/benchmark_results/new_results/LEARNING_CURVE/budget_150/
  budget=155: 155 sessions, 142 subjects, 5 outer folds — saved to /data/project/eeg_foundation/data/benchmark_results/new_results/LEARNING_CURVE/budget_155/
  budget=160: 160 sessions, 145 subjects, 5 outer folds — saved to /data/project/eeg_foundation/data/benchmark_results/new_results/LEARNING_CURVE/budget_160/
  budget=165: 165 sessions, 147 subjects, 5 outer folds — saved to /data/project/eeg_foundation/data/benchmark_results/new_results/LEARNING_CURVE/budget_165/
  budget=170: 170 sessions, 153 subjects, 5 outer folds — saved to /data/project/eeg_foundation/data/benchmark_results/new_results/LEARNING_CURVE/budget_170/
  budget=175: 175 sessions, 158 subjects, 5 outer folds — saved to /data/project/eeg_foundation/data/benchmark_results/new_results/LEARNING_CURVE/budget_175/
  budget=180: 180 sessions, 156 subjects, 5 outer folds — saved to /data/project/eeg_foundation/data/benchmark_results/new_results/LEARNING_CURVE/budget_180/
  budget=185: 185 sessions, 164 subjects, 5 outer folds — saved to /data/project/eeg_foundation/data/benchmark_results/new_results/LEARNING_CURVE/budget_185/
  budget=190: 190 sessions, 168 subjects, 5 outer folds — saved to /data/project/eeg_foundation/data/benchmark_results/new_results/LEARNING_CURVE/budget_190/
  budget=195: 195 sessions, 171 subjects, 5 outer folds — saved to /data/project/eeg_foundation/data/benchmark_results/new_results/LEARNING_CURVE/budget_195/

Parallel jobs: 5
[Parallel(n_jobs=5)]: Using backend ThreadingBackend with 5 concurrent workers.
[11:34:06] [CBraMod] Loading embeddings ...
[11:34:06] [Domain_Knowledge] Loading embeddings ...
[11:34:06] [LaBram] Loading embeddings ...
[11:34:06] [NeuroLM] Loading embeddings ...
[11:34:06] [TOTEM] Loading embeddings ...
[11:34:06] [Domain_Knowledge] budget=20: sessions=20, features=36, subjects=20
[11:34:06] [Domain_Knowledge] svm | sessions=20
/home/triniborrell/miniforge3_ppc64le/envs/pytorch_ppc64le/lib/python3.13/site-packages/sklearn/metrics/_classification.py:2524: UserWarning: y_pred contains classes not in y_true
  warnings.warn("y_pred contains classes not in y_true")
/home/triniborrell/miniforge3_ppc64le/envs/pytorch_ppc64le/lib/python3.13/site-packages/sklearn/metrics/_classification.py:2524: UserWarning: y_pred contains classes not in y_true
  warnings.warn("y_pred contains classes not in y_true")
/home/triniborrell/miniforge3_ppc64le/envs/pytorch_ppc64le/lib/python3.13/site-packages/sklearn/metrics/_classification.py:2524: UserWarning: y_pred contains classes not in y_true
  warnings.warn("y_pred contains classes not in y_true")
/home/triniborrell/miniforge3_ppc64le/envs/pytorch_ppc64le/lib/python3.13/site-packages/sklearn/metrics/_classification.py:2524: UserWarning: y_pred contains classes not in y_true
  warnings.warn("y_pred contains classes not in y_true")
/home/triniborrell/miniforge3_ppc64le/envs/pytorch_ppc64le/lib/python3.13/site-packages/sklearn/metrics/_classification.py:2524: UserWarning: y_pred contains classes not in y_true
  warnings.warn("y_pred contains classes not in y_true")
/home/triniborrell/miniforge3_ppc64le/envs/pytorch_ppc64le/lib/python3.13/site-packages/sklearn/metrics/_classification.py:2524: UserWarning: y_pred contains classes not in y_true
  warnings.warn("y_pred contains classes not in y_true")
/home/triniborrell/miniforge3_ppc64le/envs/pytorch_ppc64le/lib/python3.13/site-packages/sklearn/metrics/_classification.py:2524: UserWarning: y_pred contains classes not in y_true
  warnings.warn("y_pred contains classes not in y_true")
/home/triniborrell/miniforge3_ppc64le/envs/pytorch_ppc64le/lib/python3.13/site-packages/sklearn/metrics/_classification.py:2524: UserWarning: y_pred contains classes not in y_true
  warnings.warn("y_pred contains classes not in y_true")
/home/triniborrell/miniforge3_ppc64le/envs/pytorch_ppc64le/lib/python3.13/site-packages/sklearn/metrics/_classification.py:2524: UserWarning: y_pred contains classes not in y_true
  warnings.warn("y_pred contains classes not in y_true")
/home/triniborrell/miniforge3_ppc64le/envs/pytorch_ppc64le/lib/python3.13/site-packages/sklearn/metrics/_ranking.py:379: UndefinedMetricWarning: Only one class is present in y_true. ROC AUC score is not defined in that case.
  warnings.warn(
/home/triniborrell/miniforge3_ppc64le/envs/pytorch_ppc64le/lib/python3.13/site-packages/sklearn/metrics/_classification.py:2524: UserWarning: y_pred contains classes not in y_true
  warnings.warn("y_pred contains classes not in y_true")
/home/triniborrell/miniforge3_ppc64le/envs/pytorch_ppc64le/lib/python3.13/site-packages/sklearn/metrics/_classification.py:2524: UserWarning: y_pred contains classes not in y_true
  warnings.warn("y_pred contains classes not in y_true")
/home/triniborrell/miniforge3_ppc64le/envs/pytorch_ppc64le/lib/python3.13/site-packages/sklearn/metrics/_classification.py:407: UserWarning: A single label was found in 'y_true' and 'y_pred'. For the confusion matrix to have the correct shape, use the 'labels' parameter to pass all known labels.
  warnings.warn(
/home/triniborrell/miniforge3_ppc64le/envs/pytorch_ppc64le/lib/python3.13/site-packages/sklearn/metrics/_classification.py:2524: UserWarning: y_pred contains classes not in y_true
  warnings.warn("y_pred contains classes not in y_true")
/home/triniborrell/miniforge3_ppc64le/envs/pytorch_ppc64le/lib/python3.13/site-packages/sklearn/metrics/_classification.py:2524: UserWarning: y_pred contains classes not in y_true
  warnings.warn("y_pred contains classes not in y_true")
/home/triniborrell/miniforge3_ppc64le/envs/pytorch_ppc64le/lib/python3.13/site-packages/sklearn/metrics/_classification.py:407: UserWarning: A single label was found in 'y_true' and 'y_pred'. For the confusion matrix to have the correct shape, use the 'labels' parameter to pass all known labels.
  warnings.warn(
/home/triniborrell/miniforge3_ppc64le/envs/pytorch_ppc64le/lib/python3.13/site-packages/sklearn/metrics/_classification.py:2524: UserWarning: y_pred contains classes not in y_true
  warnings.warn("y_pred contains classes not in y_true")
/home/triniborrell/miniforge3_ppc64le/envs/pytorch_ppc64le/lib/python3.13/site-packages/sklearn/metrics/_classification.py:2524: UserWarning: y_pred contains classes not in y_true
  warnings.warn("y_pred contains classes not in y_true")
/home/triniborrell/miniforge3_ppc64le/envs/pytorch_ppc64le/lib/python3.13/site-packages/sklearn/metrics/_classification.py:2524: UserWarning: y_pred contains classes not in y_true
  warnings.warn("y_pred contains classes not in y_true")
/home/triniborrell/miniforge3_ppc64le/envs/pytorch_ppc64le/lib/python3.13/site-packages/sklearn/metrics/_classification.py:2524: UserWarning: y_pred contains classes not in y_true
  warnings.warn("y_pred contains classes not in y_true")
/home/triniborrell/miniforge3_ppc64le/envs/pytorch_ppc64le/lib/python3.13/site-packages/sklearn/metrics/_ranking.py:379: UndefinedMetricWarning: Only one class is present in y_true. ROC AUC score is not defined in that case.
  warnings.warn(
/home/triniborrell/miniforge3_ppc64le/envs/pytorch_ppc64le/lib/python3.13/site-packages/sklearn/metrics/_classification.py:2524: UserWarning: y_pred contains classes not in y_true
  warnings.warn("y_pred contains classes not in y_true")
[11:34:08] [Domain_Knowledge] svm | sessions=20 DONE in 1.3s (bal_acc=0.417, auc=nan)
[11:34:08] [Domain_Knowledge] mlp | sessions=20
[11:34:10] [LaBram] budget=20: sessions=20, features=200, subjects=20
[11:34:10] [LaBram] svm | sessions=20
/home/triniborrell/miniforge3_ppc64le/envs/pytorch_ppc64le/lib/python3.13/site-packages/sklearn/metrics/_classification.py:2524: UserWarning: y_pred contains classes not in y_true
  warnings.warn("y_pred contains classes not in y_true")
/home/triniborrell/miniforge3_ppc64le/envs/pytorch_ppc64le/lib/python3.13/site-packages/sklearn/metrics/_classification.py:2524: UserWarning: y_pred contains classes not in y_true
  warnings.warn("y_pred contains classes not in y_true")
/home/triniborrell/miniforge3_ppc64le/envs/pytorch_ppc64le/lib/python3.13/site-packages/sklearn/metrics/_classification.py:2524: UserWarning: y_pred contains classes not in y_true
  warnings.warn("y_pred contains classes not in y_true")
/home/triniborrell/miniforge3_ppc64le/envs/pytorch_ppc64le/lib/python3.13/site-packages/sklearn/metrics/_classification.py:2524: UserWarning: y_pred contains classes not in y_true
  warnings.warn("y_pred contains classes not in y_true")
/home/triniborrell/miniforge3_ppc64le/envs/pytorch_ppc64le/lib/python3.13/site-packages/sklearn/metrics/_classification.py:2524: UserWarning: y_pred contains classes not in y_true
  warnings.warn("y_pred contains classes not in y_true")
/home/triniborrell/miniforge3_ppc64le/envs/pytorch_ppc64le/lib/python3.13/site-packages/sklearn/metrics/_classification.py:2524: UserWarning: y_pred contains classes not in y_true
  warnings.warn("y_pred contains classes not in y_true")
/home/triniborrell/miniforge3_ppc64le/envs/pytorch_ppc64le/lib/python3.13/site-packages/sklearn/metrics/_classification.py:2524: UserWarning: y_pred contains classes not in y_true
  warnings.warn("y_pred contains classes not in y_true")
/home/triniborrell/miniforge3_ppc64le/envs/pytorch_ppc64le/lib/python3.13/site-packages/sklearn/metrics/_classification.py:2524: UserWarning: y_pred contains classes not in y_true
  warnings.warn("y_pred contains classes not in y_true")
/home/triniborrell/miniforge3_ppc64le/envs/pytorch_ppc64le/lib/python3.13/site-packages/sklearn/metrics/_classification.py:2524: UserWarning: y_pred contains classes not in y_true
  warnings.warn("y_pred contains classes not in y_true")
/home/triniborrell/miniforge3_ppc64le/envs/pytorch_ppc64le/lib/python3.13/site-packages/sklearn/metrics/_ranking.py:379: UndefinedMetricWarning: Only one class is present in y_true. ROC AUC score is not defined in that case.
  warnings.warn(
/home/triniborrell/miniforge3_ppc64le/envs/pytorch_ppc64le/lib/python3.13/site-packages/sklearn/metrics/_classification.py:2524: UserWarning: y_pred contains classes not in y_true
  warnings.warn("y_pred contains classes not in y_true")
/home/triniborrell/miniforge3_ppc64le/envs/pytorch_ppc64le/lib/python3.13/site-packages/sklearn/metrics/_classification.py:2524: UserWarning: y_pred contains classes not in y_true
  warnings.warn("y_pred contains classes not in y_true")
/home/triniborrell/miniforge3_ppc64le/envs/pytorch_ppc64le/lib/python3.13/site-packages/sklearn/metrics/_classification.py:2524: UserWarning: y_pred contains classes not in y_true
  warnings.warn("y_pred contains classes not in y_true")
/home/triniborrell/miniforge3_ppc64le/envs/pytorch_ppc64le/lib/python3.13/site-packages/sklearn/metrics/_classification.py:2524: UserWarning: y_pred contains classes not in y_true
  warnings.warn("y_pred contains classes not in y_true")
/home/triniborrell/miniforge3_ppc64le/envs/pytorch_ppc64le/lib/python3.13/site-packages/sklearn/metrics/_classification.py:2524: UserWarning: y_pred contains classes not in y_true
  warnings.warn("y_pred contains classes not in y_true")
/home/triniborrell/miniforge3_ppc64le/envs/pytorch_ppc64le/lib/python3.13/site-packages/sklearn/metrics/_classification.py:2524: UserWarning: y_pred contains classes not in y_true
  warnings.warn("y_pred contains classes not in y_true")
[11:34:11] [TOTEM] budget=20: sessions=20, features=64, subjects=20
[11:34:11] [TOTEM] svm | sessions=20
/home/triniborrell/miniforge3_ppc64le/envs/pytorch_ppc64le/lib/python3.13/site-packages/sklearn/metrics/_classification.py:2524: UserWarning: y_pred contains classes not in y_true
  warnings.warn("y_pred contains classes not in y_true")
/home/triniborrell/miniforge3_ppc64le/envs/pytorch_ppc64le/lib/python3.13/site-packages/sklearn/metrics/_classification.py:2524: UserWarning: y_pred contains classes not in y_true
  warnings.warn("y_pred contains classes not in y_true")
/home/triniborrell/miniforge3_ppc64le/envs/pytorch_ppc64le/lib/python3.13/site-packages/sklearn/metrics/_classification.py:2524: UserWarning: y_pred contains classes not in y_true
  warnings.warn("y_pred contains classes not in y_true")
/home/triniborrell/miniforge3_ppc64le/envs/pytorch_ppc64le/lib/python3.13/site-packages/sklearn/metrics/_classification.py:2524: UserWarning: y_pred contains classes not in y_true
  warnings.warn("y_pred contains classes not in y_true")
/home/triniborrell/miniforge3_ppc64le/envs/pytorch_ppc64le/lib/python3.13/site-packages/sklearn/metrics/_classification.py:2524: UserWarning: y_pred contains classes not in y_true
  warnings.warn("y_pred contains classes not in y_true")
/home/triniborrell/miniforge3_ppc64le/envs/pytorch_ppc64le/lib/python3.13/site-packages/sklearn/metrics/_classification.py:2524: UserWarning: y_pred contains classes not in y_true
  warnings.warn("y_pred contains classes not in y_true")
/home/triniborrell/miniforge3_ppc64le/envs/pytorch_ppc64le/lib/python3.13/site-packages/sklearn/metrics/_ranking.py:379: UndefinedMetricWarning: Only one class is present in y_true. ROC AUC score is not defined in that case.
  warnings.warn(
/home/triniborrell/miniforge3_ppc64le/envs/pytorch_ppc64le/lib/python3.13/site-packages/sklearn/metrics/_classification.py:2524: UserWarning: y_pred contains classes not in y_true
  warnings.warn("y_pred contains classes not in y_true")
[11:34:12] [CBraMod] budget=20: sessions=20, features=200, subjects=20
[11:34:12] [CBraMod] svm | sessions=20
/home/triniborrell/miniforge3_ppc64le/envs/pytorch_ppc64le/lib/python3.13/site-packages/sklearn/metrics/_classification.py:2524: UserWarning: y_pred contains classes not in y_true
  warnings.warn("y_pred contains classes not in y_true")
/home/triniborrell/miniforge3_ppc64le/envs/pytorch_ppc64le/lib/python3.13/site-packages/sklearn/metrics/_classification.py:2524: UserWarning: y_pred contains classes not in y_true
  warnings.warn("y_pred contains classes not in y_true")
/home/triniborrell/miniforge3_ppc64le/envs/pytorch_ppc64le/lib/python3.13/site-packages/sklearn/metrics/_classification.py:2524: UserWarning: y_pred contains classes not in y_true
  warnings.warn("y_pred contains classes not in y_true")
/home/triniborrell/miniforge3_ppc64le/envs/pytorch_ppc64le/lib/python3.13/site-packages/sklearn/metrics/_classification.py:2524: UserWarning: y_pred contains classes not in y_true
  warnings.warn("y_pred contains classes not in y_true")
/home/triniborrell/miniforge3_ppc64le/envs/pytorch_ppc64le/lib/python3.13/site-packages/sklearn/metrics/_classification.py:2524: UserWarning: y_pred contains classes not in y_true
  warnings.warn("y_pred contains classes not in y_true")
/home/triniborrell/miniforge3_ppc64le/envs/pytorch_ppc64le/lib/python3.13/site-packages/sklearn/metrics/_classification.py:2524: UserWarning: y_pred contains classes not in y_true
  warnings.warn("y_pred contains classes not in y_true")
/home/triniborrell/miniforge3_ppc64le/envs/pytorch_ppc64le/lib/python3.13/site-packages/sklearn/metrics/_classification.py:2524: UserWarning: y_pred contains classes not in y_true
  warnings.warn("y_pred contains classes not in y_true")
[11:34:12] [NeuroLM] budget=20: sessions=20, features=1024, subjects=20
[11:34:12] [NeuroLM] svm | sessions=20
/home/triniborrell/miniforge3_ppc64le/envs/pytorch_ppc64le/lib/python3.13/site-packages/sklearn/metrics/_ranking.py:379: UndefinedMetricWarning: Only one class is present in y_true. ROC AUC score is not defined in that case.
  warnings.warn(
/home/triniborrell/miniforge3_ppc64le/envs/pytorch_ppc64le/lib/python3.13/site-packages/sklearn/metrics/_classification.py:2524: UserWarning: y_pred contains classes not in y_true
  warnings.warn("y_pred contains classes not in y_true")
/home/triniborrell/miniforge3_ppc64le/envs/pytorch_ppc64le/lib/python3.13/site-packages/sklearn/metrics/_classification.py:2524: UserWarning: y_pred contains classes not in y_true
  warnings.warn("y_pred contains classes not in y_true")
/home/triniborrell/miniforge3_ppc64le/envs/pytorch_ppc64le/lib/python3.13/site-packages/sklearn/metrics/_classification.py:2524: UserWarning: y_pred contains classes not in y_true
  warnings.warn("y_pred contains classes not in y_true")
/home/triniborrell/miniforge3_ppc64le/envs/pytorch_ppc64le/lib/python3.13/site-packages/sklearn/metrics/_classification.py:407: UserWarning: A single label was found in 'y_true' and 'y_pred'. For the confusion matrix to have the correct shape, use the 'labels' parameter to pass all known labels.
  warnings.warn(
/home/triniborrell/miniforge3_ppc64le/envs/pytorch_ppc64le/lib/python3.13/site-packages/sklearn/metrics/_classification.py:2524: UserWarning: y_pred contains classes not in y_true
  warnings.warn("y_pred contains classes not in y_true")
/home/triniborrell/miniforge3_ppc64le/envs/pytorch_ppc64le/lib/python3.13/site-packages/sklearn/metrics/_classification.py:2524: UserWarning: y_pred contains classes not in y_true
  warnings.warn("y_pred contains classes not in y_true")
/home/triniborrell/miniforge3_ppc64le/envs/pytorch_ppc64le/lib/python3.13/site-packages/sklearn/metrics/_classification.py:2524: UserWarning: y_pred contains classes not in y_true
  warnings.warn("y_pred contains classes not in y_true")
/home/triniborrell/miniforge3_ppc64le/envs/pytorch_ppc64le/lib/python3.13/site-packages/sklearn/metrics/_classification.py:2524: UserWarning: y_pred contains classes not in y_true
  warnings.warn("y_pred contains classes not in y_true")
/home/triniborrell/miniforge3_ppc64le/envs/pytorch_ppc64le/lib/python3.13/site-packages/sklearn/metrics/_classification.py:2524: UserWarning: y_pred contains classes not in y_true
  warnings.warn("y_pred contains classes not in y_true")
/home/triniborrell/miniforge3_ppc64le/envs/pytorch_ppc64le/lib/python3.13/site-packages/sklearn/metrics/_classification.py:2524: UserWarning: y_pred contains classes not in y_true
  warnings.warn("y_pred contains classes not in y_true")
/home/triniborrell/miniforge3_ppc64le/envs/pytorch_ppc64le/lib/python3.13/site-packages/sklearn/metrics/_ranking.py:379: UndefinedMetricWarning: Only one class is present in y_true. ROC AUC score is not defined in that case.
  warnings.warn(
/home/triniborrell/miniforge3_ppc64le/envs/pytorch_ppc64le/lib/python3.13/site-packages/sklearn/metrics/_classification.py:2524: UserWarning: y_pred contains classes not in y_true
  warnings.warn("y_pred contains classes not in y_true")
[11:34:13] [LaBram] svm | sessions=20 DONE in 3.2s (bal_acc=0.333, auc=nan)
[11:34:13] [LaBram] mlp | sessions=20
/home/triniborrell/miniforge3_ppc64le/envs/pytorch_ppc64le/lib/python3.13/site-packages/sklearn/metrics/_classification.py:2524: UserWarning: y_pred contains classes not in y_true
  warnings.warn("y_pred contains classes not in y_true")
/home/triniborrell/miniforge3_ppc64le/envs/pytorch_ppc64le/lib/python3.13/site-packages/sklearn/metrics/_classification.py:2524: UserWarning: y_pred contains classes not in y_true
  warnings.warn("y_pred contains classes not in y_true")
[11:34:14] [TOTEM] svm | sessions=20 DONE in 2.5s (bal_acc=0.383, auc=nan)
[11:34:14] [TOTEM] mlp | sessions=20
/home/triniborrell/miniforge3_ppc64le/envs/pytorch_ppc64le/lib/python3.13/site-packages/sklearn/metrics/_classification.py:2524: UserWarning: y_pred contains classes not in y_true
  warnings.warn("y_pred contains classes not in y_true")
/home/triniborrell/miniforge3_ppc64le/envs/pytorch_ppc64le/lib/python3.13/site-packages/sklearn/metrics/_classification.py:2524: UserWarning: y_pred contains classes not in y_true
  warnings.warn("y_pred contains classes not in y_true")
/home/triniborrell/miniforge3_ppc64le/envs/pytorch_ppc64le/lib/python3.13/site-packages/sklearn/metrics/_classification.py:2524: UserWarning: y_pred contains classes not in y_true
  warnings.warn("y_pred contains classes not in y_true")
/home/triniborrell/miniforge3_ppc64le/envs/pytorch_ppc64le/lib/python3.13/site-packages/sklearn/metrics/_classification.py:2524: UserWarning: y_pred contains classes not in y_true
  warnings.warn("y_pred contains classes not in y_true")
/home/triniborrell/miniforge3_ppc64le/envs/pytorch_ppc64le/lib/python3.13/site-packages/sklearn/metrics/_classification.py:2524: UserWarning: y_pred contains classes not in y_true
  warnings.warn("y_pred contains classes not in y_true")
/home/triniborrell/miniforge3_ppc64le/envs/pytorch_ppc64le/lib/python3.13/site-packages/sklearn/metrics/_classification.py:2524: UserWarning: y_pred contains classes not in y_true
  warnings.warn("y_pred contains classes not in y_true")
/home/triniborrell/miniforge3_ppc64le/envs/pytorch_ppc64le/lib/python3.13/site-packages/sklearn/metrics/_classification.py:2524: UserWarning: y_pred contains classes not in y_true
  warnings.warn("y_pred contains classes not in y_true")
/home/triniborrell/miniforge3_ppc64le/envs/pytorch_ppc64le/lib/python3.13/site-packages/sklearn/metrics/_ranking.py:379: UndefinedMetricWarning: Only one class is present in y_true. ROC AUC score is not defined in that case.
  warnings.warn(
/home/triniborrell/miniforge3_ppc64le/envs/pytorch_ppc64le/lib/python3.13/site-packages/sklearn/metrics/_classification.py:2524: UserWarning: y_pred contains classes not in y_true
  warnings.warn("y_pred contains classes not in y_true")
/home/triniborrell/miniforge3_ppc64le/envs/pytorch_ppc64le/lib/python3.13/site-packages/sklearn/metrics/_classification.py:2524: UserWarning: y_pred contains classes not in y_true
  warnings.warn("y_pred contains classes not in y_true")
/home/triniborrell/miniforge3_ppc64le/envs/pytorch_ppc64le/lib/python3.13/site-packages/sklearn/metrics/_classification.py:2524: UserWarning: y_pred contains classes not in y_true
  warnings.warn("y_pred contains classes not in y_true")
/home/triniborrell/miniforge3_ppc64le/envs/pytorch_ppc64le/lib/python3.13/site-packages/sklearn/metrics/_classification.py:2524: UserWarning: y_pred contains classes not in y_true
  warnings.warn("y_pred contains classes not in y_true")
/home/triniborrell/miniforge3_ppc64le/envs/pytorch_ppc64le/lib/python3.13/site-packages/sklearn/metrics/_classification.py:2524: UserWarning: y_pred contains classes not in y_true
  warnings.warn("y_pred contains classes not in y_true")
/home/triniborrell/miniforge3_ppc64le/envs/pytorch_ppc64le/lib/python3.13/site-packages/sklearn/metrics/_classification.py:2524: UserWarning: y_pred contains classes not in y_true
  warnings.warn("y_pred contains classes not in y_true")
/home/triniborrell/miniforge3_ppc64le/envs/pytorch_ppc64le/lib/python3.13/site-packages/sklearn/metrics/_classification.py:2524: UserWarning: y_pred contains classes not in y_true
  warnings.warn("y_pred contains classes not in y_true")
/home/triniborrell/miniforge3_ppc64le/envs/pytorch_ppc64le/lib/python3.13/site-packages/sklearn/metrics/_classification.py:2524: UserWarning: y_pred contains classes not in y_true
  warnings.warn("y_pred contains classes not in y_true")
/home/triniborrell/miniforge3_ppc64le/envs/pytorch_ppc64le/lib/python3.13/site-packages/sklearn/metrics/_classification.py:2524: UserWarning: y_pred contains classes not in y_true
  warnings.warn("y_pred contains classes not in y_true")
/home/triniborrell/miniforge3_ppc64le/envs/pytorch_ppc64le/lib/python3.13/site-packages/sklearn/metrics/_classification.py:2524: UserWarning: y_pred contains classes not in y_true
  warnings.warn("y_pred contains classes not in y_true")
/home/triniborrell/miniforge3_ppc64le/envs/pytorch_ppc64le/lib/python3.13/site-packages/sklearn/metrics/_ranking.py:379: UndefinedMetricWarning: Only one class is present in y_true. ROC AUC score is not defined in that case.
  warnings.warn(
/home/triniborrell/miniforge3_ppc64le/envs/pytorch_ppc64le/lib/python3.13/site-packages/sklearn/metrics/_classification.py:2524: UserWarning: y_pred contains classes not in y_true
  warnings.warn("y_pred contains classes not in y_true")
/home/triniborrell/miniforge3_ppc64le/envs/pytorch_ppc64le/lib/python3.13/site-packages/sklearn/metrics/_classification.py:2524: UserWarning: y_pred contains classes not in y_true
  warnings.warn("y_pred contains classes not in y_true")
[11:34:15] [CBraMod] svm | sessions=20 DONE in 3.6s (bal_acc=0.217, auc=nan)
[11:34:15] [CBraMod] mlp | sessions=20
/home/triniborrell/miniforge3_ppc64le/envs/pytorch_ppc64le/lib/python3.13/site-packages/sklearn/metrics/_classification.py:2524: UserWarning: y_pred contains classes not in y_true
  warnings.warn("y_pred contains classes not in y_true")
/home/triniborrell/miniforge3_ppc64le/envs/pytorch_ppc64le/lib/python3.13/site-packages/sklearn/metrics/_classification.py:2524: UserWarning: y_pred contains classes not in y_true
  warnings.warn("y_pred contains classes not in y_true")
/home/triniborrell/miniforge3_ppc64le/envs/pytorch_ppc64le/lib/python3.13/site-packages/sklearn/metrics/_classification.py:2524: UserWarning: y_pred contains classes not in y_true
  warnings.warn("y_pred contains classes not in y_true")
/home/triniborrell/miniforge3_ppc64le/envs/pytorch_ppc64le/lib/python3.13/site-packages/sklearn/metrics/_classification.py:2524: UserWarning: y_pred contains classes not in y_true
  warnings.warn("y_pred contains classes not in y_true")
/home/triniborrell/miniforge3_ppc64le/envs/pytorch_ppc64le/lib/python3.13/site-packages/sklearn/metrics/_classification.py:2524: UserWarning: y_pred contains classes not in y_true
  warnings.warn("y_pred contains classes not in y_true")
/home/triniborrell/miniforge3_ppc64le/envs/pytorch_ppc64le/lib/python3.13/site-packages/sklearn/metrics/_classification.py:2524: UserWarning: y_pred contains classes not in y_true
  warnings.warn("y_pred contains classes not in y_true")
/home/triniborrell/miniforge3_ppc64le/envs/pytorch_ppc64le/lib/python3.13/site-packages/sklearn/metrics/_classification.py:2524: UserWarning: y_pred contains classes not in y_true
  warnings.warn("y_pred contains classes not in y_true")
/home/triniborrell/miniforge3_ppc64le/envs/pytorch_ppc64le/lib/python3.13/site-packages/sklearn/metrics/_classification.py:2524: UserWarning: y_pred contains classes not in y_true
  warnings.warn("y_pred contains classes not in y_true")
/home/triniborrell/miniforge3_ppc64le/envs/pytorch_ppc64le/lib/python3.13/site-packages/sklearn/metrics/_classification.py:2524: UserWarning: y_pred contains classes not in y_true
  warnings.warn("y_pred contains classes not in y_true")
/home/triniborrell/miniforge3_ppc64le/envs/pytorch_ppc64le/lib/python3.13/site-packages/sklearn/metrics/_classification.py:2524: UserWarning: y_pred contains classes not in y_true
  warnings.warn("y_pred contains classes not in y_true")
/home/triniborrell/miniforge3_ppc64le/envs/pytorch_ppc64le/lib/python3.13/site-packages/sklearn/metrics/_classification.py:2524: UserWarning: y_pred contains classes not in y_true
  warnings.warn("y_pred contains classes not in y_true")
/home/triniborrell/miniforge3_ppc64le/envs/pytorch_ppc64le/lib/python3.13/site-packages/sklearn/metrics/_ranking.py:379: UndefinedMetricWarning: Only one class is present in y_true. ROC AUC score is not defined in that case.
  warnings.warn(
/home/triniborrell/miniforge3_ppc64le/envs/pytorch_ppc64le/lib/python3.13/site-packages/sklearn/metrics/_classification.py:2524: UserWarning: y_pred contains classes not in y_true
  warnings.warn("y_pred contains classes not in y_true")
/home/triniborrell/miniforge3_ppc64le/envs/pytorch_ppc64le/lib/python3.13/site-packages/sklearn/metrics/_classification.py:2524: UserWarning: y_pred contains classes not in y_true
  warnings.warn("y_pred contains classes not in y_true")
/home/triniborrell/miniforge3_ppc64le/envs/pytorch_ppc64le/lib/python3.13/site-packages/sklearn/metrics/_classification.py:407: UserWarning: A single label was found in 'y_true' and 'y_pred'. For the confusion matrix to have the correct shape, use the 'labels' parameter to pass all known labels.
  warnings.warn(
/home/triniborrell/miniforge3_ppc64le/envs/pytorch_ppc64le/lib/python3.13/site-packages/sklearn/metrics/_classification.py:2524: UserWarning: y_pred contains classes not in y_true
  warnings.warn("y_pred contains classes not in y_true")
/home/triniborrell/miniforge3_ppc64le/envs/pytorch_ppc64le/lib/python3.13/site-packages/sklearn/metrics/_classification.py:2524: UserWarning: y_pred contains classes not in y_true
  warnings.warn("y_pred contains classes not in y_true")
/home/triniborrell/miniforge3_ppc64le/envs/pytorch_ppc64le/lib/python3.13/site-packages/sklearn/metrics/_classification.py:2524: UserWarning: y_pred contains classes not in y_true
  warnings.warn("y_pred contains classes not in y_true")
/home/triniborrell/miniforge3_ppc64le/envs/pytorch_ppc64le/lib/python3.13/site-packages/sklearn/metrics/_classification.py:2524: UserWarning: y_pred contains classes not in y_true
  warnings.warn("y_pred contains classes not in y_true")
/home/triniborrell/miniforge3_ppc64le/envs/pytorch_ppc64le/lib/python3.13/site-packages/sklearn/metrics/_classification.py:2524: UserWarning: y_pred contains classes not in y_true
  warnings.warn("y_pred contains classes not in y_true")
/home/triniborrell/miniforge3_ppc64le/envs/pytorch_ppc64le/lib/python3.13/site-packages/sklearn/metrics/_classification.py:2524: UserWarning: y_pred contains classes not in y_true
  warnings.warn("y_pred contains classes not in y_true")
/home/triniborrell/miniforge3_ppc64le/envs/pytorch_ppc64le/lib/python3.13/site-packages/sklearn/metrics/_classification.py:2524: UserWarning: y_pred contains classes not in y_true
  warnings.warn("y_pred contains classes not in y_true")
/home/triniborrell/miniforge3_ppc64le/envs/pytorch_ppc64le/lib/python3.13/site-packages/sklearn/metrics/_classification.py:2524: UserWarning: y_pred contains classes not in y_true
  warnings.warn("y_pred contains classes not in y_true")
/home/triniborrell/miniforge3_ppc64le/envs/pytorch_ppc64le/lib/python3.13/site-packages/sklearn/metrics/_classification.py:407: UserWarning: A single label was found in 'y_true' and 'y_pred'. For the confusion matrix to have the correct shape, use the 'labels' parameter to pass all known labels.
  warnings.warn(
/home/triniborrell/miniforge3_ppc64le/envs/pytorch_ppc64le/lib/python3.13/site-packages/sklearn/metrics/_classification.py:2524: UserWarning: y_pred contains classes not in y_true
  warnings.warn("y_pred contains classes not in y_true")
/home/triniborrell/miniforge3_ppc64le/envs/pytorch_ppc64le/lib/python3.13/site-packages/sklearn/metrics/_ranking.py:379: UndefinedMetricWarning: Only one class is present in y_true. ROC AUC score is not defined in that case.
  warnings.warn(
/home/triniborrell/miniforge3_ppc64le/envs/pytorch_ppc64le/lib/python3.13/site-packages/sklearn/metrics/_classification.py:2524: UserWarning: y_pred contains classes not in y_true
  warnings.warn("y_pred contains classes not in y_true")
/home/triniborrell/miniforge3_ppc64le/envs/pytorch_ppc64le/lib/python3.13/site-packages/sklearn/metrics/_classification.py:2524: UserWarning: y_pred contains classes not in y_true
  warnings.warn("y_pred contains classes not in y_true")
/home/triniborrell/miniforge3_ppc64le/envs/pytorch_ppc64le/lib/python3.13/site-packages/sklearn/metrics/_classification.py:2524: UserWarning: y_pred contains classes not in y_true
  warnings.warn("y_pred contains classes not in y_true")
[11:34:20] [NeuroLM] svm | sessions=20 DONE in 7.5s (bal_acc=0.417, auc=nan)
[11:34:20] [NeuroLM] mlp | sessions=20
/home/triniborrell/miniforge3_ppc64le/envs/pytorch_ppc64le/lib/python3.13/site-packages/sklearn/metrics/_classification.py:2524: UserWarning: y_pred contains classes not in y_true
  warnings.warn("y_pred contains classes not in y_true")
/home/triniborrell/miniforge3_ppc64le/envs/pytorch_ppc64le/lib/python3.13/site-packages/sklearn/metrics/_classification.py:2524: UserWarning: y_pred contains classes not in y_true
  warnings.warn("y_pred contains classes not in y_true")
/home/triniborrell/miniforge3_ppc64le/envs/pytorch_ppc64le/lib/python3.13/site-packages/sklearn/metrics/_classification.py:407: UserWarning: A single label was found in 'y_true' and 'y_pred'. For the confusion matrix to have the correct shape, use the 'labels' parameter to pass all known labels.
  warnings.warn(
/home/triniborrell/miniforge3_ppc64le/envs/pytorch_ppc64le/lib/python3.13/site-packages/sklearn/metrics/_classification.py:407: UserWarning: A single label was found in 'y_true' and 'y_pred'. For the confusion matrix to have the correct shape, use the 'labels' parameter to pass all known labels.
  warnings.warn(
/home/triniborrell/miniforge3_ppc64le/envs/pytorch_ppc64le/lib/python3.13/site-packages/sklearn/metrics/_classification.py:2524: UserWarning: y_pred contains classes not in y_true
  warnings.warn("y_pred contains classes not in y_true")
/home/triniborrell/miniforge3_ppc64le/envs/pytorch_ppc64le/lib/python3.13/site-packages/sklearn/metrics/_classification.py:2524: UserWarning: y_pred contains classes not in y_true
  warnings.warn("y_pred contains classes not in y_true")
/home/triniborrell/miniforge3_ppc64le/envs/pytorch_ppc64le/lib/python3.13/site-packages/sklearn/metrics/_classification.py:2524: UserWarning: y_pred contains classes not in y_true
  warnings.warn("y_pred contains classes not in y_true")
/home/triniborrell/miniforge3_ppc64le/envs/pytorch_ppc64le/lib/python3.13/site-packages/sklearn/metrics/_classification.py:2524: UserWarning: y_pred contains classes not in y_true
  warnings.warn("y_pred contains classes not in y_true")
/home/triniborrell/miniforge3_ppc64le/envs/pytorch_ppc64le/lib/python3.13/site-packages/sklearn/metrics/_classification.py:407: UserWarning: A single label was found in 'y_true' and 'y_pred'. For the confusion matrix to have the correct shape, use the 'labels' parameter to pass all known labels.
  warnings.warn(
/home/triniborrell/miniforge3_ppc64le/envs/pytorch_ppc64le/lib/python3.13/site-packages/sklearn/metrics/_classification.py:407: UserWarning: A single label was found in 'y_true' and 'y_pred'. For the confusion matrix to have the correct shape, use the 'labels' parameter to pass all known labels.
  warnings.warn(
/home/triniborrell/miniforge3_ppc64le/envs/pytorch_ppc64le/lib/python3.13/site-packages/sklearn/metrics/_ranking.py:379: UndefinedMetricWarning: Only one class is present in y_true. ROC AUC score is not defined in that case.
  warnings.warn(
/home/triniborrell/miniforge3_ppc64le/envs/pytorch_ppc64le/lib/python3.13/site-packages/sklearn/metrics/_classification.py:407: UserWarning: A single label was found in 'y_true' and 'y_pred'. For the confusion matrix to have the correct shape, use the 'labels' parameter to pass all known labels.
  warnings.warn(
/home/triniborrell/miniforge3_ppc64le/envs/pytorch_ppc64le/lib/python3.13/site-packages/sklearn/metrics/_classification.py:2524: UserWarning: y_pred contains classes not in y_true
  warnings.warn("y_pred contains classes not in y_true")
/home/triniborrell/miniforge3_ppc64le/envs/pytorch_ppc64le/lib/python3.13/site-packages/sklearn/metrics/_classification.py:2524: UserWarning: y_pred contains classes not in y_true
  warnings.warn("y_pred contains classes not in y_true")
/home/triniborrell/miniforge3_ppc64le/envs/pytorch_ppc64le/lib/python3.13/site-packages/sklearn/metrics/_classification.py:407: UserWarning: A single label was found in 'y_true' and 'y_pred'. For the confusion matrix to have the correct shape, use the 'labels' parameter to pass all known labels.
  warnings.warn(
/home/triniborrell/miniforge3_ppc64le/envs/pytorch_ppc64le/lib/python3.13/site-packages/sklearn/metrics/_classification.py:407: UserWarning: A single label was found in 'y_true' and 'y_pred'. For the confusion matrix to have the correct shape, use the 'labels' parameter to pass all known labels.
  warnings.warn(
/home/triniborrell/miniforge3_ppc64le/envs/pytorch_ppc64le/lib/python3.13/site-packages/sklearn/metrics/_classification.py:2524: UserWarning: y_pred contains classes not in y_true
  warnings.warn("y_pred contains classes not in y_true")
/home/triniborrell/miniforge3_ppc64le/envs/pytorch_ppc64le/lib/python3.13/site-packages/sklearn/metrics/_classification.py:2524: UserWarning: y_pred contains classes not in y_true
  warnings.warn("y_pred contains classes not in y_true")
/home/triniborrell/miniforge3_ppc64le/envs/pytorch_ppc64le/lib/python3.13/site-packages/sklearn/metrics/_classification.py:2524: UserWarning: y_pred contains classes not in y_true
  warnings.warn("y_pred contains classes not in y_true")
/home/triniborrell/miniforge3_ppc64le/envs/pytorch_ppc64le/lib/python3.13/site-packages/sklearn/metrics/_classification.py:2524: UserWarning: y_pred contains classes not in y_true
  warnings.warn("y_pred contains classes not in y_true")
/home/triniborrell/miniforge3_ppc64le/envs/pytorch_ppc64le/lib/python3.13/site-packages/sklearn/metrics/_classification.py:2524: UserWarning: y_pred contains classes not in y_true
  warnings.warn("y_pred contains classes not in y_true")
/home/triniborrell/miniforge3_ppc64le/envs/pytorch_ppc64le/lib/python3.13/site-packages/sklearn/metrics/_classification.py:2524: UserWarning: y_pred contains classes not in y_true
  warnings.warn("y_pred contains classes not in y_true")
/home/triniborrell/miniforge3_ppc64le/envs/pytorch_ppc64le/lib/python3.13/site-packages/sklearn/metrics/_classification.py:2524: UserWarning: y_pred contains classes not in y_true
  warnings.warn("y_pred contains classes not in y_true")
/home/triniborrell/miniforge3_ppc64le/envs/pytorch_ppc64le/lib/python3.13/site-packages/sklearn/metrics/_classification.py:2524: UserWarning: y_pred contains classes not in y_true
  warnings.warn("y_pred contains classes not in y_true")
/home/triniborrell/miniforge3_ppc64le/envs/pytorch_ppc64le/lib/python3.13/site-packages/sklearn/metrics/_classification.py:2524: UserWarning: y_pred contains classes not in y_true
  warnings.warn("y_pred contains classes not in y_true")
/home/triniborrell/miniforge3_ppc64le/envs/pytorch_ppc64le/lib/python3.13/site-packages/sklearn/metrics/_classification.py:2524: UserWarning: y_pred contains classes not in y_true
  warnings.warn("y_pred contains classes not in y_true")
/home/triniborrell/miniforge3_ppc64le/envs/pytorch_ppc64le/lib/python3.13/site-packages/sklearn/metrics/_classification.py:2524: UserWarning: y_pred contains classes not in y_true
  warnings.warn("y_pred contains classes not in y_true")
/home/triniborrell/miniforge3_ppc64le/envs/pytorch_ppc64le/lib/python3.13/site-packages/sklearn/metrics/_classification.py:2524: UserWarning: y_pred contains classes not in y_true
  warnings.warn("y_pred contains classes not in y_true")
/home/triniborrell/miniforge3_ppc64le/envs/pytorch_ppc64le/lib/python3.13/site-packages/sklearn/metrics/_classification.py:2524: UserWarning: y_pred contains classes not in y_true
  warnings.warn("y_pred contains classes not in y_true")
/home/triniborrell/miniforge3_ppc64le/envs/pytorch_ppc64le/lib/python3.13/site-packages/sklearn/metrics/_classification.py:2524: UserWarning: y_pred contains classes not in y_true
  warnings.warn("y_pred contains classes not in y_true")
/home/triniborrell/miniforge3_ppc64le/envs/pytorch_ppc64le/lib/python3.13/site-packages/sklearn/metrics/_classification.py:2524: UserWarning: y_pred contains classes not in y_true
  warnings.warn("y_pred contains classes not in y_true")
/home/triniborrell/miniforge3_ppc64le/envs/pytorch_ppc64le/lib/python3.13/site-packages/sklearn/metrics/_classification.py:407: UserWarning: A single label was found in 'y_true' and 'y_pred'. For the confusion matrix to have the correct shape, use the 'labels' parameter to pass all known labels.
  warnings.warn(
/home/triniborrell/miniforge3_ppc64le/envs/pytorch_ppc64le/lib/python3.13/site-packages/sklearn/metrics/_classification.py:2524: UserWarning: y_pred contains classes not in y_true
  warnings.warn("y_pred contains classes not in y_true")
/home/triniborrell/miniforge3_ppc64le/envs/pytorch_ppc64le/lib/python3.13/site-packages/sklearn/metrics/_classification.py:407: UserWarning: A single label was found in 'y_true' and 'y_pred'. For the confusion matrix to have the correct shape, use the 'labels' parameter to pass all known labels.
  warnings.warn(
/home/triniborrell/miniforge3_ppc64le/envs/pytorch_ppc64le/lib/python3.13/site-packages/sklearn/metrics/_classification.py:2524: UserWarning: y_pred contains classes not in y_true
  warnings.warn("y_pred contains classes not in y_true")
/home/triniborrell/miniforge3_ppc64le/envs/pytorch_ppc64le/lib/python3.13/site-packages/sklearn/metrics/_classification.py:2524: UserWarning: y_pred contains classes not in y_true
  warnings.warn("y_pred contains classes not in y_true")
/home/triniborrell/miniforge3_ppc64le/envs/pytorch_ppc64le/lib/python3.13/site-packages/sklearn/metrics/_classification.py:2524: UserWarning: y_pred contains classes not in y_true
  warnings.warn("y_pred contains classes not in y_true")
/home/triniborrell/miniforge3_ppc64le/envs/pytorch_ppc64le/lib/python3.13/site-packages/sklearn/metrics/_classification.py:2524: UserWarning: y_pred contains classes not in y_true
  warnings.warn("y_pred contains classes not in y_true")
/home/triniborrell/miniforge3_ppc64le/envs/pytorch_ppc64le/lib/python3.13/site-packages/sklearn/metrics/_classification.py:2524: UserWarning: y_pred contains classes not in y_true
  warnings.warn("y_pred contains classes not in y_true")
/home/triniborrell/miniforge3_ppc64le/envs/pytorch_ppc64le/lib/python3.13/site-packages/sklearn/metrics/_classification.py:2524: UserWarning: y_pred contains classes not in y_true
  warnings.warn("y_pred contains classes not in y_true")
/home/triniborrell/miniforge3_ppc64le/envs/pytorch_ppc64le/lib/python3.13/site-packages/sklearn/metrics/_classification.py:2524: UserWarning: y_pred contains classes not in y_true
  warnings.warn("y_pred contains classes not in y_true")
/home/triniborrell/miniforge3_ppc64le/envs/pytorch_ppc64le/lib/python3.13/site-packages/sklearn/metrics/_classification.py:2524: UserWarning: y_pred contains classes not in y_true
  warnings.warn("y_pred contains classes not in y_true")
/home/triniborrell/miniforge3_ppc64le/envs/pytorch_ppc64le/lib/python3.13/site-packages/sklearn/metrics/_classification.py:2524: UserWarning: y_pred contains classes not in y_true
  warnings.warn("y_pred contains classes not in y_true")
/home/triniborrell/miniforge3_ppc64le/envs/pytorch_ppc64le/lib/python3.13/site-packages/sklearn/metrics/_classification.py:2524: UserWarning: y_pred contains classes not in y_true
  warnings.warn("y_pred contains classes not in y_true")
/home/triniborrell/miniforge3_ppc64le/envs/pytorch_ppc64le/lib/python3.13/site-packages/sklearn/metrics/_classification.py:2524: UserWarning: y_pred contains classes not in y_true
  warnings.warn("y_pred contains classes not in y_true")
/home/triniborrell/miniforge3_ppc64le/envs/pytorch_ppc64le/lib/python3.13/site-packages/sklearn/metrics/_classification.py:2524: UserWarning: y_pred contains classes not in y_true
  warnings.warn("y_pred contains classes not in y_true")
/home/triniborrell/miniforge3_ppc64le/envs/pytorch_ppc64le/lib/python3.13/site-packages/sklearn/metrics/_classification.py:2524: UserWarning: y_pred contains classes not in y_true
  warnings.warn("y_pred contains classes not in y_true")
/home/triniborrell/miniforge3_ppc64le/envs/pytorch_ppc64le/lib/python3.13/site-packages/sklearn/metrics/_classification.py:2524: UserWarning: y_pred contains classes not in y_true
  warnings.warn("y_pred contains classes not in y_true")
/home/triniborrell/miniforge3_ppc64le/envs/pytorch_ppc64le/lib/python3.13/site-packages/sklearn/metrics/_classification.py:2524: UserWarning: y_pred contains classes not in y_true
  warnings.warn("y_pred contains classes not in y_true")
/home/triniborrell/miniforge3_ppc64le/envs/pytorch_ppc64le/lib/python3.13/site-packages/sklearn/metrics/_classification.py:2524: UserWarning: y_pred contains classes not in y_true
  warnings.warn("y_pred contains classes not in y_true")
/home/triniborrell/miniforge3_ppc64le/envs/pytorch_ppc64le/lib/python3.13/site-packages/sklearn/metrics/_classification.py:407: UserWarning: A single label was found in 'y_true' and 'y_pred'. For the confusion matrix to have the correct shape, use the 'labels' parameter to pass all known labels.
  warnings.warn(
/home/triniborrell/miniforge3_ppc64le/envs/pytorch_ppc64le/lib/python3.13/site-packages/sklearn/metrics/_classification.py:2524: UserWarning: y_pred contains classes not in y_true
  warnings.warn("y_pred contains classes not in y_true")
/home/triniborrell/miniforge3_ppc64le/envs/pytorch_ppc64le/lib/python3.13/site-packages/sklearn/metrics/_classification.py:407: UserWarning: A single label was found in 'y_true' and 'y_pred'. For the confusion matrix to have the correct shape, use the 'labels' parameter to pass all known labels.
  warnings.warn(
/home/triniborrell/miniforge3_ppc64le/envs/pytorch_ppc64le/lib/python3.13/site-packages/sklearn/metrics/_classification.py:2524: UserWarning: y_pred contains classes not in y_true
  warnings.warn("y_pred contains classes not in y_true")
/home/triniborrell/miniforge3_ppc64le/envs/pytorch_ppc64le/lib/python3.13/site-packages/sklearn/metrics/_classification.py:2524: UserWarning: y_pred contains classes not in y_true
  warnings.warn("y_pred contains classes not in y_true")
/home/triniborrell/miniforge3_ppc64le/envs/pytorch_ppc64le/lib/python3.13/site-packages/sklearn/metrics/_classification.py:2524: UserWarning: y_pred contains classes not in y_true
  warnings.warn("y_pred contains classes not in y_true")
/home/triniborrell/miniforge3_ppc64le/envs/pytorch_ppc64le/lib/python3.13/site-packages/sklearn/metrics/_classification.py:2524: UserWarning: y_pred contains classes not in y_true
  warnings.warn("y_pred contains classes not in y_true")
/home/triniborrell/miniforge3_ppc64le/envs/pytorch_ppc64le/lib/python3.13/site-packages/sklearn/metrics/_classification.py:2524: UserWarning: y_pred contains classes not in y_true
  warnings.warn("y_pred contains classes not in y_true")
/home/triniborrell/miniforge3_ppc64le/envs/pytorch_ppc64le/lib/python3.13/site-packages/sklearn/metrics/_classification.py:2524: UserWarning: y_pred contains classes not in y_true
  warnings.warn("y_pred contains classes not in y_true")
/home/triniborrell/miniforge3_ppc64le/envs/pytorch_ppc64le/lib/python3.13/site-packages/sklearn/metrics/_classification.py:2524: UserWarning: y_pred contains classes not in y_true
  warnings.warn("y_pred contains classes not in y_true")
/home/triniborrell/miniforge3_ppc64le/envs/pytorch_ppc64le/lib/python3.13/site-packages/sklearn/metrics/_classification.py:2524: UserWarning: y_pred contains classes not in y_true
  warnings.warn("y_pred contains classes not in y_true")
/home/triniborrell/miniforge3_ppc64le/envs/pytorch_ppc64le/lib/python3.13/site-packages/sklearn/metrics/_classification.py:2524: UserWarning: y_pred contains classes not in y_true
  warnings.warn("y_pred contains classes not in y_true")
/home/triniborrell/miniforge3_ppc64le/envs/pytorch_ppc64le/lib/python3.13/site-packages/sklearn/metrics/_classification.py:2524: UserWarning: y_pred contains classes not in y_true
  warnings.warn("y_pred contains classes not in y_true")
/home/triniborrell/miniforge3_ppc64le/envs/pytorch_ppc64le/lib/python3.13/site-packages/sklearn/metrics/_classification.py:2524: UserWarning: y_pred contains classes not in y_true
  warnings.warn("y_pred contains classes not in y_true")
/home/triniborrell/miniforge3_ppc64le/envs/pytorch_ppc64le/lib/python3.13/site-packages/sklearn/metrics/_ranking.py:379: UndefinedMetricWarning: Only one class is present in y_true. ROC AUC score is not defined in that case.
  warnings.warn(
/home/triniborrell/miniforge3_ppc64le/envs/pytorch_ppc64le/lib/python3.13/site-packages/sklearn/metrics/_classification.py:2524: UserWarning: y_pred contains classes not in y_true
  warnings.warn("y_pred contains classes not in y_true")
/home/triniborrell/miniforge3_ppc64le/envs/pytorch_ppc64le/lib/python3.13/site-packages/sklearn/metrics/_classification.py:2524: UserWarning: y_pred contains classes not in y_true
  warnings.warn("y_pred contains classes not in y_true")
/home/triniborrell/miniforge3_ppc64le/envs/pytorch_ppc64le/lib/python3.13/site-packages/sklearn/metrics/_classification.py:2524: UserWarning: y_pred contains classes not in y_true
  warnings.warn("y_pred contains classes not in y_true")
/home/triniborrell/miniforge3_ppc64le/envs/pytorch_ppc64le/lib/python3.13/site-packages/sklearn/metrics/_classification.py:2524: UserWarning: y_pred contains classes not in y_true
  warnings.warn("y_pred contains classes not in y_true")
/home/triniborrell/miniforge3_ppc64le/envs/pytorch_ppc64le/lib/python3.13/site-packages/sklearn/metrics/_classification.py:407: UserWarning: A single label was found in 'y_true' and 'y_pred'. For the confusion matrix to have the correct shape, use the 'labels' parameter to pass all known labels.
  warnings.warn(
/home/triniborrell/miniforge3_ppc64le/envs/pytorch_ppc64le/lib/python3.13/site-packages/sklearn/metrics/_ranking.py:379: UndefinedMetricWarning: Only one class is present in y_true. ROC AUC score is not defined in that case.
  warnings.warn(
/home/triniborrell/miniforge3_ppc64le/envs/pytorch_ppc64le/lib/python3.13/site-packages/sklearn/metrics/_classification.py:2524: UserWarning: y_pred contains classes not in y_true
  warnings.warn("y_pred contains classes not in y_true")
/home/triniborrell/miniforge3_ppc64le/envs/pytorch_ppc64le/lib/python3.13/site-packages/sklearn/metrics/_classification.py:2524: UserWarning: y_pred contains classes not in y_true
  warnings.warn("y_pred contains classes not in y_true")
/home/triniborrell/miniforge3_ppc64le/envs/pytorch_ppc64le/lib/python3.13/site-packages/sklearn/metrics/_classification.py:407: UserWarning: A single label was found in 'y_true' and 'y_pred'. For the confusion matrix to have the correct shape, use the 'labels' parameter to pass all known labels.
  warnings.warn(
/home/triniborrell/miniforge3_ppc64le/envs/pytorch_ppc64le/lib/python3.13/site-packages/sklearn/metrics/_ranking.py:379: UndefinedMetricWarning: Only one class is present in y_true. ROC AUC score is not defined in that case.
  warnings.warn(
/home/triniborrell/miniforge3_ppc64le/envs/pytorch_ppc64le/lib/python3.13/site-packages/sklearn/metrics/_classification.py:2524: UserWarning: y_pred contains classes not in y_true
  warnings.warn("y_pred contains classes not in y_true")
/home/triniborrell/miniforge3_ppc64le/envs/pytorch_ppc64le/lib/python3.13/site-packages/sklearn/metrics/_classification.py:2524: UserWarning: y_pred contains classes not in y_true
  warnings.warn("y_pred contains classes not in y_true")
/home/triniborrell/miniforge3_ppc64le/envs/pytorch_ppc64le/lib/python3.13/site-packages/sklearn/metrics/_classification.py:2524: UserWarning: y_pred contains classes not in y_true
  warnings.warn("y_pred contains classes not in y_true")
/home/triniborrell/miniforge3_ppc64le/envs/pytorch_ppc64le/lib/python3.13/site-packages/sklearn/metrics/_classification.py:2524: UserWarning: y_pred contains classes not in y_true
  warnings.warn("y_pred contains classes not in y_true")
/home/triniborrell/miniforge3_ppc64le/envs/pytorch_ppc64le/lib/python3.13/site-packages/sklearn/metrics/_classification.py:2524: UserWarning: y_pred contains classes not in y_true
  warnings.warn("y_pred contains classes not in y_true")
/home/triniborrell/miniforge3_ppc64le/envs/pytorch_ppc64le/lib/python3.13/site-packages/sklearn/metrics/_classification.py:2524: UserWarning: y_pred contains classes not in y_true
  warnings.warn("y_pred contains classes not in y_true")
/home/triniborrell/miniforge3_ppc64le/envs/pytorch_ppc64le/lib/python3.13/site-packages/sklearn/metrics/_classification.py:407: UserWarning: A single label was found in 'y_true' and 'y_pred'. For the confusion matrix to have the correct shape, use the 'labels' parameter to pass all known labels.
  warnings.warn(
/home/triniborrell/miniforge3_ppc64le/envs/pytorch_ppc64le/lib/python3.13/site-packages/sklearn/metrics/_classification.py:407: UserWarning: A single label was found in 'y_true' and 'y_pred'. For the confusion matrix to have the correct shape, use the 'labels' parameter to pass all known labels.
  warnings.warn(
/home/triniborrell/miniforge3_ppc64le/envs/pytorch_ppc64le/lib/python3.13/site-packages/sklearn/metrics/_classification.py:2524: UserWarning: y_pred contains classes not in y_true
  warnings.warn("y_pred contains classes not in y_true")
/home/triniborrell/miniforge3_ppc64le/envs/pytorch_ppc64le/lib/python3.13/site-packages/sklearn/metrics/_classification.py:2524: UserWarning: y_pred contains classes not in y_true
  warnings.warn("y_pred contains classes not in y_true")
/home/triniborrell/miniforge3_ppc64le/envs/pytorch_ppc64le/lib/python3.13/site-packages/sklearn/metrics/_classification.py:2524: UserWarning: y_pred contains classes not in y_true
  warnings.warn("y_pred contains classes not in y_true")
/home/triniborrell/miniforge3_ppc64le/envs/pytorch_ppc64le/lib/python3.13/site-packages/sklearn/metrics/_classification.py:2524: UserWarning: y_pred contains classes not in y_true
  warnings.warn("y_pred contains classes not in y_true")
/home/triniborrell/miniforge3_ppc64le/envs/pytorch_ppc64le/lib/python3.13/site-packages/sklearn/metrics/_classification.py:2524: UserWarning: y_pred contains classes not in y_true
  warnings.warn("y_pred contains classes not in y_true")
/home/triniborrell/miniforge3_ppc64le/envs/pytorch_ppc64le/lib/python3.13/site-packages/sklearn/metrics/_classification.py:2524: UserWarning: y_pred contains classes not in y_true
  warnings.warn("y_pred contains classes not in y_true")
/home/triniborrell/miniforge3_ppc64le/envs/pytorch_ppc64le/lib/python3.13/site-packages/sklearn/metrics/_classification.py:2524: UserWarning: y_pred contains classes not in y_true
  warnings.warn("y_pred contains classes not in y_true")
/home/triniborrell/miniforge3_ppc64le/envs/pytorch_ppc64le/lib/python3.13/site-packages/sklearn/metrics/_classification.py:407: UserWarning: A single label was found in 'y_true' and 'y_pred'. For the confusion matrix to have the correct shape, use the 'labels' parameter to pass all known labels.
  warnings.warn(
/home/triniborrell/miniforge3_ppc64le/envs/pytorch_ppc64le/lib/python3.13/site-packages/sklearn/metrics/_classification.py:407: UserWarning: A single label was found in 'y_true' and 'y_pred'. For the confusion matrix to have the correct shape, use the 'labels' parameter to pass all known labels.
  warnings.warn(
/home/triniborrell/miniforge3_ppc64le/envs/pytorch_ppc64le/lib/python3.13/site-packages/sklearn/metrics/_classification.py:407: UserWarning: A single label was found in 'y_true' and 'y_pred'. For the confusion matrix to have the correct shape, use the 'labels' parameter to pass all known labels.
  warnings.warn(
/home/triniborrell/miniforge3_ppc64le/envs/pytorch_ppc64le/lib/python3.13/site-packages/sklearn/metrics/_classification.py:2524: UserWarning: y_pred contains classes not in y_true
  warnings.warn("y_pred contains classes not in y_true")
/home/triniborrell/miniforge3_ppc64le/envs/pytorch_ppc64le/lib/python3.13/site-packages/sklearn/metrics/_classification.py:2524: UserWarning: y_pred contains classes not in y_true
  warnings.warn("y_pred contains classes not in y_true")
/home/triniborrell/miniforge3_ppc64le/envs/pytorch_ppc64le/lib/python3.13/site-packages/sklearn/metrics/_classification.py:2524: UserWarning: y_pred contains classes not in y_true
  warnings.warn("y_pred contains classes not in y_true")
/home/triniborrell/miniforge3_ppc64le/envs/pytorch_ppc64le/lib/python3.13/site-packages/sklearn/metrics/_classification.py:2524: UserWarning: y_pred contains classes not in y_true
  warnings.warn("y_pred contains classes not in y_true")
/home/triniborrell/miniforge3_ppc64le/envs/pytorch_ppc64le/lib/python3.13/site-packages/sklearn/metrics/_ranking.py:379: UndefinedMetricWarning: Only one class is present in y_true. ROC AUC score is not defined in that case.
  warnings.warn(
/home/triniborrell/miniforge3_ppc64le/envs/pytorch_ppc64le/lib/python3.13/site-packages/sklearn/metrics/_classification.py:2524: UserWarning: y_pred contains classes not in y_true
  warnings.warn("y_pred contains classes not in y_true")
/home/triniborrell/miniforge3_ppc64le/envs/pytorch_ppc64le/lib/python3.13/site-packages/sklearn/metrics/_classification.py:2524: UserWarning: y_pred contains classes not in y_true
  warnings.warn("y_pred contains classes not in y_true")
/home/triniborrell/miniforge3_ppc64le/envs/pytorch_ppc64le/lib/python3.13/site-packages/sklearn/metrics/_classification.py:2524: UserWarning: y_pred contains classes not in y_true
  warnings.warn("y_pred contains classes not in y_true")
/home/triniborrell/miniforge3_ppc64le/envs/pytorch_ppc64le/lib/python3.13/site-packages/sklearn/metrics/_classification.py:407: UserWarning: A single label was found in 'y_true' and 'y_pred'. For the confusion matrix to have the correct shape, use the 'labels' parameter to pass all known labels.
  warnings.warn(
/home/triniborrell/miniforge3_ppc64le/envs/pytorch_ppc64le/lib/python3.13/site-packages/sklearn/metrics/_classification.py:2524: UserWarning: y_pred contains classes not in y_true
  warnings.warn("y_pred contains classes not in y_true")
/home/triniborrell/miniforge3_ppc64le/envs/pytorch_ppc64le/lib/python3.13/site-packages/sklearn/metrics/_classification.py:2524: UserWarning: y_pred contains classes not in y_true
  warnings.warn("y_pred contains classes not in y_true")
/home/triniborrell/miniforge3_ppc64le/envs/pytorch_ppc64le/lib/python3.13/site-packages/sklearn/metrics/_classification.py:2524: UserWarning: y_pred contains classes not in y_true
  warnings.warn("y_pred contains classes not in y_true")
/home/triniborrell/miniforge3_ppc64le/envs/pytorch_ppc64le/lib/python3.13/site-packages/sklearn/metrics/_classification.py:407: UserWarning: A single label was found in 'y_true' and 'y_pred'. For the confusion matrix to have the correct shape, use the 'labels' parameter to pass all known labels.
  warnings.warn(
/home/triniborrell/miniforge3_ppc64le/envs/pytorch_ppc64le/lib/python3.13/site-packages/sklearn/metrics/_classification.py:2524: UserWarning: y_pred contains classes not in y_true
  warnings.warn("y_pred contains classes not in y_true")
/home/triniborrell/miniforge3_ppc64le/envs/pytorch_ppc64le/lib/python3.13/site-packages/sklearn/metrics/_classification.py:2524: UserWarning: y_pred contains classes not in y_true
  warnings.warn("y_pred contains classes not in y_true")
/home/triniborrell/miniforge3_ppc64le/envs/pytorch_ppc64le/lib/python3.13/site-packages/sklearn/metrics/_classification.py:2524: UserWarning: y_pred contains classes not in y_true
  warnings.warn("y_pred contains classes not in y_true")
/home/triniborrell/miniforge3_ppc64le/envs/pytorch_ppc64le/lib/python3.13/site-packages/sklearn/metrics/_classification.py:407: UserWarning: A single label was found in 'y_true' and 'y_pred'. For the confusion matrix to have the correct shape, use the 'labels' parameter to pass all known labels.
  warnings.warn(
/home/triniborrell/miniforge3_ppc64le/envs/pytorch_ppc64le/lib/python3.13/site-packages/sklearn/metrics/_classification.py:2524: UserWarning: y_pred contains classes not in y_true
  warnings.warn("y_pred contains classes not in y_true")
/home/triniborrell/miniforge3_ppc64le/envs/pytorch_ppc64le/lib/python3.13/site-packages/sklearn/metrics/_classification.py:2524: UserWarning: y_pred contains classes not in y_true
  warnings.warn("y_pred contains classes not in y_true")
/home/triniborrell/miniforge3_ppc64le/envs/pytorch_ppc64le/lib/python3.13/site-packages/sklearn/metrics/_classification.py:407: UserWarning: A single label was found in 'y_true' and 'y_pred'. For the confusion matrix to have the correct shape, use the 'labels' parameter to pass all known labels.
  warnings.warn(
/home/triniborrell/miniforge3_ppc64le/envs/pytorch_ppc64le/lib/python3.13/site-packages/sklearn/metrics/_classification.py:2524: UserWarning: y_pred contains classes not in y_true
  warnings.warn("y_pred contains classes not in y_true")
/home/triniborrell/miniforge3_ppc64le/envs/pytorch_ppc64le/lib/python3.13/site-packages/sklearn/metrics/_classification.py:2524: UserWarning: y_pred contains classes not in y_true
  warnings.warn("y_pred contains classes not in y_true")
/home/triniborrell/miniforge3_ppc64le/envs/pytorch_ppc64le/lib/python3.13/site-packages/sklearn/metrics/_classification.py:2524: UserWarning: y_pred contains classes not in y_true
  warnings.warn("y_pred contains classes not in y_true")
/home/triniborrell/miniforge3_ppc64le/envs/pytorch_ppc64le/lib/python3.13/site-packages/sklearn/metrics/_classification.py:2524: UserWarning: y_pred contains classes not in y_true
  warnings.warn("y_pred contains classes not in y_true")
/home/triniborrell/miniforge3_ppc64le/envs/pytorch_ppc64le/lib/python3.13/site-packages/sklearn/metrics/_classification.py:407: UserWarning: A single label was found in 'y_true' and 'y_pred'. For the confusion matrix to have the correct shape, use the 'labels' parameter to pass all known labels.
  warnings.warn(
/home/triniborrell/miniforge3_ppc64le/envs/pytorch_ppc64le/lib/python3.13/site-packages/sklearn/metrics/_classification.py:2524: UserWarning: y_pred contains classes not in y_true
  warnings.warn("y_pred contains classes not in y_true")
/home/triniborrell/miniforge3_ppc64le/envs/pytorch_ppc64le/lib/python3.13/site-packages/sklearn/metrics/_classification.py:2524: UserWarning: y_pred contains classes not in y_true
  warnings.warn("y_pred contains classes not in y_true")
/home/triniborrell/miniforge3_ppc64le/envs/pytorch_ppc64le/lib/python3.13/site-packages/sklearn/metrics/_classification.py:407: UserWarning: A single label was found in 'y_true' and 'y_pred'. For the confusion matrix to have the correct shape, use the 'labels' parameter to pass all known labels.
  warnings.warn(
/home/triniborrell/miniforge3_ppc64le/envs/pytorch_ppc64le/lib/python3.13/site-packages/sklearn/metrics/_classification.py:2524: UserWarning: y_pred contains classes not in y_true
  warnings.warn("y_pred contains classes not in y_true")
/home/triniborrell/miniforge3_ppc64le/envs/pytorch_ppc64le/lib/python3.13/site-packages/sklearn/metrics/_classification.py:2524: UserWarning: y_pred contains classes not in y_true
  warnings.warn("y_pred contains classes not in y_true")
/home/triniborrell/miniforge3_ppc64le/envs/pytorch_ppc64le/lib/python3.13/site-packages/sklearn/metrics/_classification.py:2524: UserWarning: y_pred contains classes not in y_true
  warnings.warn("y_pred contains classes not in y_true")
/home/triniborrell/miniforge3_ppc64le/envs/pytorch_ppc64le/lib/python3.13/site-packages/sklearn/metrics/_classification.py:2524: UserWarning: y_pred contains classes not in y_true
  warnings.warn("y_pred contains classes not in y_true")
/home/triniborrell/miniforge3_ppc64le/envs/pytorch_ppc64le/lib/python3.13/site-packages/sklearn/metrics/_classification.py:2524: UserWarning: y_pred contains classes not in y_true
  warnings.warn("y_pred contains classes not in y_true")
/home/triniborrell/miniforge3_ppc64le/envs/pytorch_ppc64le/lib/python3.13/site-packages/sklearn/metrics/_classification.py:407: UserWarning: A single label was found in 'y_true' and 'y_pred'. For the confusion matrix to have the correct shape, use the 'labels' parameter to pass all known labels.
  warnings.warn(
/home/triniborrell/miniforge3_ppc64le/envs/pytorch_ppc64le/lib/python3.13/site-packages/sklearn/metrics/_classification.py:2524: UserWarning: y_pred contains classes not in y_true
  warnings.warn("y_pred contains classes not in y_true")
/home/triniborrell/miniforge3_ppc64le/envs/pytorch_ppc64le/lib/python3.13/site-packages/sklearn/metrics/_classification.py:2524: UserWarning: y_pred contains classes not in y_true
  warnings.warn("y_pred contains classes not in y_true")
/home/triniborrell/miniforge3_ppc64le/envs/pytorch_ppc64le/lib/python3.13/site-packages/sklearn/metrics/_classification.py:2524: UserWarning: y_pred contains classes not in y_true
  warnings.warn("y_pred contains classes not in y_true")
/home/triniborrell/miniforge3_ppc64le/envs/pytorch_ppc64le/lib/python3.13/site-packages/sklearn/metrics/_classification.py:2524: UserWarning: y_pred contains classes not in y_true
  warnings.warn("y_pred contains classes not in y_true")
/home/triniborrell/miniforge3_ppc64le/envs/pytorch_ppc64le/lib/python3.13/site-packages/sklearn/metrics/_classification.py:2524: UserWarning: y_pred contains classes not in y_true
  warnings.warn("y_pred contains classes not in y_true")
/home/triniborrell/miniforge3_ppc64le/envs/pytorch_ppc64le/lib/python3.13/site-packages/sklearn/metrics/_classification.py:2524: UserWarning: y_pred contains classes not in y_true
  warnings.warn("y_pred contains classes not in y_true")
/home/triniborrell/miniforge3_ppc64le/envs/pytorch_ppc64le/lib/python3.13/site-packages/sklearn/metrics/_classification.py:407: UserWarning: A single label was found in 'y_true' and 'y_pred'. For the confusion matrix to have the correct shape, use the 'labels' parameter to pass all known labels.
  warnings.warn(
/home/triniborrell/miniforge3_ppc64le/envs/pytorch_ppc64le/lib/python3.13/site-packages/sklearn/metrics/_classification.py:2524: UserWarning: y_pred contains classes not in y_true
  warnings.warn("y_pred contains classes not in y_true")
/home/triniborrell/miniforge3_ppc64le/envs/pytorch_ppc64le/lib/python3.13/site-packages/sklearn/metrics/_classification.py:2524: UserWarning: y_pred contains classes not in y_true
  warnings.warn("y_pred contains classes not in y_true")
/home/triniborrell/miniforge3_ppc64le/envs/pytorch_ppc64le/lib/python3.13/site-packages/sklearn/metrics/_classification.py:2524: UserWarning: y_pred contains classes not in y_true
  warnings.warn("y_pred contains classes not in y_true")
/home/triniborrell/miniforge3_ppc64le/envs/pytorch_ppc64le/lib/python3.13/site-packages/sklearn/metrics/_classification.py:2524: UserWarning: y_pred contains classes not in y_true
  warnings.warn("y_pred contains classes not in y_true")
/home/triniborrell/miniforge3_ppc64le/envs/pytorch_ppc64le/lib/python3.13/site-packages/sklearn/metrics/_classification.py:2524: UserWarning: y_pred contains classes not in y_true
  warnings.warn("y_pred contains classes not in y_true")
/home/triniborrell/miniforge3_ppc64le/envs/pytorch_ppc64le/lib/python3.13/site-packages/sklearn/metrics/_classification.py:407: UserWarning: A single label was found in 'y_true' and 'y_pred'. For the confusion matrix to have the correct shape, use the 'labels' parameter to pass all known labels.
  warnings.warn(
/home/triniborrell/miniforge3_ppc64le/envs/pytorch_ppc64le/lib/python3.13/site-packages/sklearn/metrics/_classification.py:407: UserWarning: A single label was found in 'y_true' and 'y_pred'. For the confusion matrix to have the correct shape, use the 'labels' parameter to pass all known labels.
  warnings.warn(
/home/triniborrell/miniforge3_ppc64le/envs/pytorch_ppc64le/lib/python3.13/site-packages/sklearn/metrics/_classification.py:407: UserWarning: A single label was found in 'y_true' and 'y_pred'. For the confusion matrix to have the correct shape, use the 'labels' parameter to pass all known labels.
  warnings.warn(
/home/triniborrell/miniforge3_ppc64le/envs/pytorch_ppc64le/lib/python3.13/site-packages/sklearn/metrics/_classification.py:2524: UserWarning: y_pred contains classes not in y_true
  warnings.warn("y_pred contains classes not in y_true")
/home/triniborrell/miniforge3_ppc64le/envs/pytorch_ppc64le/lib/python3.13/site-packages/sklearn/metrics/_classification.py:2524: UserWarning: y_pred contains classes not in y_true
  warnings.warn("y_pred contains classes not in y_true")
/home/triniborrell/miniforge3_ppc64le/envs/pytorch_ppc64le/lib/python3.13/site-packages/sklearn/metrics/_classification.py:2524: UserWarning: y_pred contains classes not in y_true
  warnings.warn("y_pred contains classes not in y_true")
/home/triniborrell/miniforge3_ppc64le/envs/pytorch_ppc64le/lib/python3.13/site-packages/sklearn/metrics/_classification.py:2524: UserWarning: y_pred contains classes not in y_true
  warnings.warn("y_pred contains classes not in y_true")
/home/triniborrell/miniforge3_ppc64le/envs/pytorch_ppc64le/lib/python3.13/site-packages/sklearn/metrics/_classification.py:2524: UserWarning: y_pred contains classes not in y_true
  warnings.warn("y_pred contains classes not in y_true")
/home/triniborrell/miniforge3_ppc64le/envs/pytorch_ppc64le/lib/python3.13/site-packages/sklearn/metrics/_classification.py:407: UserWarning: A single label was found in 'y_true' and 'y_pred'. For the confusion matrix to have the correct shape, use the 'labels' parameter to pass all known labels.
  warnings.warn(
/home/triniborrell/miniforge3_ppc64le/envs/pytorch_ppc64le/lib/python3.13/site-packages/sklearn/metrics/_classification.py:2524: UserWarning: y_pred contains classes not in y_true
  warnings.warn("y_pred contains classes not in y_true")
/home/triniborrell/miniforge3_ppc64le/envs/pytorch_ppc64le/lib/python3.13/site-packages/sklearn/metrics/_classification.py:2524: UserWarning: y_pred contains classes not in y_true
  warnings.warn("y_pred contains classes not in y_true")
/home/triniborrell/miniforge3_ppc64le/envs/pytorch_ppc64le/lib/python3.13/site-packages/sklearn/metrics/_classification.py:2524: UserWarning: y_pred contains classes not in y_true
  warnings.warn("y_pred contains classes not in y_true")
/home/triniborrell/miniforge3_ppc64le/envs/pytorch_ppc64le/lib/python3.13/site-packages/sklearn/metrics/_ranking.py:379: UndefinedMetricWarning: Only one class is present in y_true. ROC AUC score is not defined in that case.
  warnings.warn(
/home/triniborrell/miniforge3_ppc64le/envs/pytorch_ppc64le/lib/python3.13/site-packages/sklearn/metrics/_classification.py:407: UserWarning: A single label was found in 'y_true' and 'y_pred'. For the confusion matrix to have the correct shape, use the 'labels' parameter to pass all known labels.
  warnings.warn(
[11:34:50] [Domain_Knowledge] mlp | sessions=20 DONE in 42.6s (bal_acc=0.600, auc=nan)
[11:34:50] [Domain_Knowledge] kernel_ridge | sessions=20
/home/triniborrell/miniforge3_ppc64le/envs/pytorch_ppc64le/lib/python3.13/site-packages/sklearn/metrics/_classification.py:2524: UserWarning: y_pred contains classes not in y_true
  warnings.warn("y_pred contains classes not in y_true")
/home/triniborrell/miniforge3_ppc64le/envs/pytorch_ppc64le/lib/python3.13/site-packages/sklearn/metrics/_classification.py:407: UserWarning: A single label was found in 'y_true' and 'y_pred'. For the confusion matrix to have the correct shape, use the 'labels' parameter to pass all known labels.
  warnings.warn(
/home/triniborrell/miniforge3_ppc64le/envs/pytorch_ppc64le/lib/python3.13/site-packages/sklearn/metrics/_classification.py:2524: UserWarning: y_pred contains classes not in y_true
  warnings.warn("y_pred contains classes not in y_true")
/home/triniborrell/miniforge3_ppc64le/envs/pytorch_ppc64le/lib/python3.13/site-packages/sklearn/metrics/_classification.py:2524: UserWarning: y_pred contains classes not in y_true
  warnings.warn("y_pred contains classes not in y_true")
/home/triniborrell/miniforge3_ppc64le/envs/pytorch_ppc64le/lib/python3.13/site-packages/sklearn/metrics/_classification.py:2524: UserWarning: y_pred contains classes not in y_true
  warnings.warn("y_pred contains classes not in y_true")
/home/triniborrell/miniforge3_ppc64le/envs/pytorch_ppc64le/lib/python3.13/site-packages/sklearn/metrics/_classification.py:2524: UserWarning: y_pred contains classes not in y_true
  warnings.warn("y_pred contains classes not in y_true")
/home/triniborrell/miniforge3_ppc64le/envs/pytorch_ppc64le/lib/python3.13/site-packages/sklearn/metrics/_classification.py:2524: UserWarning: y_pred contains classes not in y_true
  warnings.warn("y_pred contains classes not in y_true")
/home/triniborrell/miniforge3_ppc64le/envs/pytorch_ppc64le/lib/python3.13/site-packages/sklearn/metrics/_classification.py:2524: UserWarning: y_pred contains classes not in y_true
  warnings.warn("y_pred contains classes not in y_true")
/home/triniborrell/miniforge3_ppc64le/envs/pytorch_ppc64le/lib/python3.13/site-packages/sklearn/metrics/_classification.py:2524: UserWarning: y_pred contains classes not in y_true
  warnings.warn("y_pred contains classes not in y_true")
/home/triniborrell/miniforge3_ppc64le/envs/pytorch_ppc64le/lib/python3.13/site-packages/sklearn/metrics/_classification.py:2524: UserWarning: y_pred contains classes not in y_true
  warnings.warn("y_pred contains classes not in y_true")
/home/triniborrell/miniforge3_ppc64le/envs/pytorch_ppc64le/lib/python3.13/site-packages/sklearn/metrics/_classification.py:2524: UserWarning: y_pred contains classes not in y_true
  warnings.warn("y_pred contains classes not in y_true")
/home/triniborrell/miniforge3_ppc64le/envs/pytorch_ppc64le/lib/python3.13/site-packages/sklearn/metrics/_classification.py:2524: UserWarning: y_pred contains classes not in y_true
  warnings.warn("y_pred contains classes not in y_true")
/home/triniborrell/miniforge3_ppc64le/envs/pytorch_ppc64le/lib/python3.13/site-packages/sklearn/metrics/_classification.py:2524: UserWarning: y_pred contains classes not in y_true
  warnings.warn("y_pred contains classes not in y_true")
/home/triniborrell/miniforge3_ppc64le/envs/pytorch_ppc64le/lib/python3.13/site-packages/sklearn/metrics/_classification.py:2524: UserWarning: y_pred contains classes not in y_true
  warnings.warn("y_pred contains classes not in y_true")
/home/triniborrell/miniforge3_ppc64le/envs/pytorch_ppc64le/lib/python3.13/site-packages/sklearn/metrics/_classification.py:2524: UserWarning: y_pred contains classes not in y_true
  warnings.warn("y_pred contains classes not in y_true")
/home/triniborrell/miniforge3_ppc64le/envs/pytorch_ppc64le/lib/python3.13/site-packages/sklearn/metrics/_classification.py:2524: UserWarning: y_pred contains classes not in y_true
  warnings.warn("y_pred contains classes not in y_true")
/home/triniborrell/miniforge3_ppc64le/envs/pytorch_ppc64le/lib/python3.13/site-packages/sklearn/metrics/_classification.py:2524: UserWarning: y_pred contains classes not in y_true
  warnings.warn("y_pred contains classes not in y_true")
/home/triniborrell/miniforge3_ppc64le/envs/pytorch_ppc64le/lib/python3.13/site-packages/sklearn/metrics/_classification.py:2524: UserWarning: y_pred contains classes not in y_true
  warnings.warn("y_pred contains classes not in y_true")
/home/triniborrell/miniforge3_ppc64le/envs/pytorch_ppc64le/lib/python3.13/site-packages/sklearn/metrics/_ranking.py:379: UndefinedMetricWarning: Only one class is present in y_true. ROC AUC score is not defined in that case.
  warnings.warn(
/home/triniborrell/miniforge3_ppc64le/envs/pytorch_ppc64le/lib/python3.13/site-packages/sklearn/metrics/_classification.py:2524: UserWarning: y_pred contains classes not in y_true
  warnings.warn("y_pred contains classes not in y_true")
/home/triniborrell/miniforge3_ppc64le/envs/pytorch_ppc64le/lib/python3.13/site-packages/sklearn/metrics/_classification.py:2524: UserWarning: y_pred contains classes not in y_true
  warnings.warn("y_pred contains classes not in y_true")
/home/triniborrell/miniforge3_ppc64le/envs/pytorch_ppc64le/lib/python3.13/site-packages/sklearn/metrics/_classification.py:2524: UserWarning: y_pred contains classes not in y_true
  warnings.warn("y_pred contains classes not in y_true")
/home/triniborrell/miniforge3_ppc64le/envs/pytorch_ppc64le/lib/python3.13/site-packages/sklearn/metrics/_classification.py:2524: UserWarning: y_pred contains classes not in y_true
  warnings.warn("y_pred contains classes not in y_true")
/home/triniborrell/miniforge3_ppc64le/envs/pytorch_ppc64le/lib/python3.13/site-packages/sklearn/metrics/_classification.py:2524: UserWarning: y_pred contains classes not in y_true
  warnings.warn("y_pred contains classes not in y_true")
/home/triniborrell/miniforge3_ppc64le/envs/pytorch_ppc64le/lib/python3.13/site-packages/sklearn/metrics/_classification.py:2524: UserWarning: y_pred contains classes not in y_true
  warnings.warn("y_pred contains classes not in y_true")
/home/triniborrell/miniforge3_ppc64le/envs/pytorch_ppc64le/lib/python3.13/site-packages/sklearn/metrics/_ranking.py:379: UndefinedMetricWarning: Only one class is present in y_true. ROC AUC score is not defined in that case.
  warnings.warn(
/home/triniborrell/miniforge3_ppc64le/envs/pytorch_ppc64le/lib/python3.13/site-packages/sklearn/metrics/_classification.py:407: UserWarning: A single label was found in 'y_true' and 'y_pred'. For the confusion matrix to have the correct shape, use the 'labels' parameter to pass all known labels.
  warnings.warn(
/home/triniborrell/miniforge3_ppc64le/envs/pytorch_ppc64le/lib/python3.13/site-packages/sklearn/metrics/_classification.py:407: UserWarning: A single label was found in 'y_true' and 'y_pred'. For the confusion matrix to have the correct shape, use the 'labels' parameter to pass all known labels.
  warnings.warn(
/home/triniborrell/miniforge3_ppc64le/envs/pytorch_ppc64le/lib/python3.13/site-packages/sklearn/metrics/_classification.py:2524: UserWarning: y_pred contains classes not in y_true
  warnings.warn("y_pred contains classes not in y_true")
/home/triniborrell/miniforge3_ppc64le/envs/pytorch_ppc64le/lib/python3.13/site-packages/sklearn/metrics/_classification.py:2524: UserWarning: y_pred contains classes not in y_true
  warnings.warn("y_pred contains classes not in y_true")
/home/triniborrell/miniforge3_ppc64le/envs/pytorch_ppc64le/lib/python3.13/site-packages/sklearn/metrics/_classification.py:2524: UserWarning: y_pred contains classes not in y_true
  warnings.warn("y_pred contains classes not in y_true")
/home/triniborrell/miniforge3_ppc64le/envs/pytorch_ppc64le/lib/python3.13/site-packages/sklearn/metrics/_classification.py:2524: UserWarning: y_pred contains classes not in y_true
  warnings.warn("y_pred contains classes not in y_true")
/home/triniborrell/miniforge3_ppc64le/envs/pytorch_ppc64le/lib/python3.13/site-packages/sklearn/metrics/_classification.py:2524: UserWarning: y_pred contains classes not in y_true
  warnings.warn("y_pred contains classes not in y_true")
/home/triniborrell/miniforge3_ppc64le/envs/pytorch_ppc64le/lib/python3.13/site-packages/sklearn/metrics/_classification.py:407: UserWarning: A single label was found in 'y_true' and 'y_pred'. For the confusion matrix to have the correct shape, use the 'labels' parameter to pass all known labels.
  warnings.warn(
/home/triniborrell/miniforge3_ppc64le/envs/pytorch_ppc64le/lib/python3.13/site-packages/sklearn/metrics/_classification.py:407: UserWarning: A single label was found in 'y_true' and 'y_pred'. For the confusion matrix to have the correct shape, use the 'labels' parameter to pass all known labels.
  warnings.warn(
/home/triniborrell/miniforge3_ppc64le/envs/pytorch_ppc64le/lib/python3.13/site-packages/sklearn/metrics/_classification.py:2524: UserWarning: y_pred contains classes not in y_true
  warnings.warn("y_pred contains classes not in y_true")
/home/triniborrell/miniforge3_ppc64le/envs/pytorch_ppc64le/lib/python3.13/site-packages/sklearn/metrics/_classification.py:2524: UserWarning: y_pred contains classes not in y_true
  warnings.warn("y_pred contains classes not in y_true")
/home/triniborrell/miniforge3_ppc64le/envs/pytorch_ppc64le/lib/python3.13/site-packages/sklearn/metrics/_classification.py:407: UserWarning: A single label was found in 'y_true' and 'y_pred'. For the confusion matrix to have the correct shape, use the 'labels' parameter to pass all known labels.
  warnings.warn(
/home/triniborrell/miniforge3_ppc64le/envs/pytorch_ppc64le/lib/python3.13/site-packages/sklearn/metrics/_classification.py:407: UserWarning: A single label was found in 'y_true' and 'y_pred'. For the confusion matrix to have the correct shape, use the 'labels' parameter to pass all known labels.
  warnings.warn(
/home/triniborrell/miniforge3_ppc64le/envs/pytorch_ppc64le/lib/python3.13/site-packages/sklearn/metrics/_classification.py:407: UserWarning: A single label was found in 'y_true' and 'y_pred'. For the confusion matrix to have the correct shape, use the 'labels' parameter to pass all known labels.
  warnings.warn(
/home/triniborrell/miniforge3_ppc64le/envs/pytorch_ppc64le/lib/python3.13/site-packages/sklearn/metrics/_classification.py:407: UserWarning: A single label was found in 'y_true' and 'y_pred'. For the confusion matrix to have the correct shape, use the 'labels' parameter to pass all known labels.
  warnings.warn(
/home/triniborrell/miniforge3_ppc64le/envs/pytorch_ppc64le/lib/python3.13/site-packages/sklearn/metrics/_classification.py:407: UserWarning: A single label was found in 'y_true' and 'y_pred'. For the confusion matrix to have the correct shape, use the 'labels' parameter to pass all known labels.
  warnings.warn(
/home/triniborrell/miniforge3_ppc64le/envs/pytorch_ppc64le/lib/python3.13/site-packages/sklearn/metrics/_classification.py:2524: UserWarning: y_pred contains classes not in y_true
  warnings.warn("y_pred contains classes not in y_true")
/home/triniborrell/miniforge3_ppc64le/envs/pytorch_ppc64le/lib/python3.13/site-packages/sklearn/metrics/_classification.py:407: UserWarning: A single label was found in 'y_true' and 'y_pred'. For the confusion matrix to have the correct shape, use the 'labels' parameter to pass all known labels.
  warnings.warn(
/home/triniborrell/miniforge3_ppc64le/envs/pytorch_ppc64le/lib/python3.13/site-packages/sklearn/metrics/_classification.py:407: UserWarning: A single label was found in 'y_true' and 'y_pred'. For the confusion matrix to have the correct shape, use the 'labels' parameter to pass all known labels.
  warnings.warn(
/home/triniborrell/miniforge3_ppc64le/envs/pytorch_ppc64le/lib/python3.13/site-packages/sklearn/metrics/_classification.py:2524: UserWarning: y_pred contains classes not in y_true
  warnings.warn("y_pred contains classes not in y_true")
/home/triniborrell/miniforge3_ppc64le/envs/pytorch_ppc64le/lib/python3.13/site-packages/sklearn/metrics/_classification.py:407: UserWarning: A single label was found in 'y_true' and 'y_pred'. For the confusion matrix to have the correct shape, use the 'labels' parameter to pass all known labels.
  warnings.warn(
/home/triniborrell/miniforge3_ppc64le/envs/pytorch_ppc64le/lib/python3.13/site-packages/sklearn/metrics/_classification.py:407: UserWarning: A single label was found in 'y_true' and 'y_pred'. For the confusion matrix to have the correct shape, use the 'labels' parameter to pass all known labels.
  warnings.warn(
/home/triniborrell/miniforge3_ppc64le/envs/pytorch_ppc64le/lib/python3.13/site-packages/sklearn/metrics/_ranking.py:379: UndefinedMetricWarning: Only one class is present in y_true. ROC AUC score is not defined in that case.
  warnings.warn(
/home/triniborrell/miniforge3_ppc64le/envs/pytorch_ppc64le/lib/python3.13/site-packages/sklearn/metrics/_classification.py:2524: UserWarning: y_pred contains classes not in y_true
  warnings.warn("y_pred contains classes not in y_true")
/home/triniborrell/miniforge3_ppc64le/envs/pytorch_ppc64le/lib/python3.13/site-packages/sklearn/metrics/_classification.py:407: UserWarning: A single label was found in 'y_true' and 'y_pred'. For the confusion matrix to have the correct shape, use the 'labels' parameter to pass all known labels.
  warnings.warn(
/home/triniborrell/miniforge3_ppc64le/envs/pytorch_ppc64le/lib/python3.13/site-packages/sklearn/metrics/_ranking.py:379: UndefinedMetricWarning: Only one class is present in y_true. ROC AUC score is not defined in that case.
  warnings.warn(
/home/triniborrell/miniforge3_ppc64le/envs/pytorch_ppc64le/lib/python3.13/site-packages/sklearn/metrics/_classification.py:2524: UserWarning: y_pred contains classes not in y_true
  warnings.warn("y_pred contains classes not in y_true")
/home/triniborrell/miniforge3_ppc64le/envs/pytorch_ppc64le/lib/python3.13/site-packages/sklearn/metrics/_ranking.py:379: UndefinedMetricWarning: Only one class is present in y_true. ROC AUC score is not defined in that case.
  warnings.warn(
/home/triniborrell/miniforge3_ppc64le/envs/pytorch_ppc64le/lib/python3.13/site-packages/sklearn/metrics/_classification.py:2524: UserWarning: y_pred contains classes not in y_true
  warnings.warn("y_pred contains classes not in y_true")
[11:34:56] [Domain_Knowledge] kernel_ridge | sessions=20 DONE in 5.5s (bal_acc=0.500, auc=nan)
[11:34:56] [Domain_Knowledge] random_forest | sessions=20
[11:35:01] [TOTEM] mlp | sessions=20 DONE in 47.3s (bal_acc=0.417, auc=nan)
[11:35:01] [TOTEM] kernel_ridge | sessions=20
/home/triniborrell/miniforge3_ppc64le/envs/pytorch_ppc64le/lib/python3.13/site-packages/sklearn/metrics/_classification.py:2524: UserWarning: y_pred contains classes not in y_true
  warnings.warn("y_pred contains classes not in y_true")
/home/triniborrell/miniforge3_ppc64le/envs/pytorch_ppc64le/lib/python3.13/site-packages/sklearn/metrics/_classification.py:2524: UserWarning: y_pred contains classes not in y_true
  warnings.warn("y_pred contains classes not in y_true")
/home/triniborrell/miniforge3_ppc64le/envs/pytorch_ppc64le/lib/python3.13/site-packages/sklearn/metrics/_classification.py:2524: UserWarning: y_pred contains classes not in y_true
  warnings.warn("y_pred contains classes not in y_true")
/home/triniborrell/miniforge3_ppc64le/envs/pytorch_ppc64le/lib/python3.13/site-packages/sklearn/metrics/_classification.py:2524: UserWarning: y_pred contains classes not in y_true
  warnings.warn("y_pred contains classes not in y_true")
/home/triniborrell/miniforge3_ppc64le/envs/pytorch_ppc64le/lib/python3.13/site-packages/sklearn/metrics/_classification.py:2524: UserWarning: y_pred contains classes not in y_true
  warnings.warn("y_pred contains classes not in y_true")
/home/triniborrell/miniforge3_ppc64le/envs/pytorch_ppc64le/lib/python3.13/site-packages/sklearn/metrics/_classification.py:2524: UserWarning: y_pred contains classes not in y_true
  warnings.warn("y_pred contains classes not in y_true")
/home/triniborrell/miniforge3_ppc64le/envs/pytorch_ppc64le/lib/python3.13/site-packages/sklearn/metrics/_classification.py:2524: UserWarning: y_pred contains classes not in y_true
  warnings.warn("y_pred contains classes not in y_true")
/home/triniborrell/miniforge3_ppc64le/envs/pytorch_ppc64le/lib/python3.13/site-packages/sklearn/metrics/_classification.py:2524: UserWarning: y_pred contains classes not in y_true
  warnings.warn("y_pred contains classes not in y_true")
/home/triniborrell/miniforge3_ppc64le/envs/pytorch_ppc64le/lib/python3.13/site-packages/sklearn/metrics/_classification.py:2524: UserWarning: y_pred contains classes not in y_true
  warnings.warn("y_pred contains classes not in y_true")
/home/triniborrell/miniforge3_ppc64le/envs/pytorch_ppc64le/lib/python3.13/site-packages/sklearn/metrics/_classification.py:2524: UserWarning: y_pred contains classes not in y_true
  warnings.warn("y_pred contains classes not in y_true")
/home/triniborrell/miniforge3_ppc64le/envs/pytorch_ppc64le/lib/python3.13/site-packages/sklearn/metrics/_classification.py:2524: UserWarning: y_pred contains classes not in y_true
  warnings.warn("y_pred contains classes not in y_true")
/home/triniborrell/miniforge3_ppc64le/envs/pytorch_ppc64le/lib/python3.13/site-packages/sklearn/metrics/_classification.py:2524: UserWarning: y_pred contains classes not in y_true
  warnings.warn("y_pred contains classes not in y_true")
/home/triniborrell/miniforge3_ppc64le/envs/pytorch_ppc64le/lib/python3.13/site-packages/sklearn/metrics/_classification.py:2524: UserWarning: y_pred contains classes not in y_true
  warnings.warn("y_pred contains classes not in y_true")
/home/triniborrell/miniforge3_ppc64le/envs/pytorch_ppc64le/lib/python3.13/site-packages/sklearn/metrics/_classification.py:2524: UserWarning: y_pred contains classes not in y_true
  warnings.warn("y_pred contains classes not in y_true")
/home/triniborrell/miniforge3_ppc64le/envs/pytorch_ppc64le/lib/python3.13/site-packages/sklearn/metrics/_classification.py:2524: UserWarning: y_pred contains classes not in y_true
  warnings.warn("y_pred contains classes not in y_true")
/home/triniborrell/miniforge3_ppc64le/envs/pytorch_ppc64le/lib/python3.13/site-packages/sklearn/metrics/_classification.py:2524: UserWarning: y_pred contains classes not in y_true
  warnings.warn("y_pred contains classes not in y_true")
[11:35:04] [LaBram] mlp | sessions=20 DONE in 50.8s (bal_acc=0.500, auc=nan)
[11:35:04] [LaBram] kernel_ridge | sessions=20
/home/triniborrell/miniforge3_ppc64le/envs/pytorch_ppc64le/lib/python3.13/site-packages/sklearn/metrics/_ranking.py:379: UndefinedMetricWarning: Only one class is present in y_true. ROC AUC score is not defined in that case.
  warnings.warn(
/home/triniborrell/miniforge3_ppc64le/envs/pytorch_ppc64le/lib/python3.13/site-packages/sklearn/metrics/_classification.py:2524: UserWarning: y_pred contains classes not in y_true
  warnings.warn("y_pred contains classes not in y_true")
[11:35:05] [CBraMod] mlp | sessions=20 DONE in 49.6s (bal_acc=0.283, auc=nan)
[11:35:05] [CBraMod] kernel_ridge | sessions=20
/home/triniborrell/miniforge3_ppc64le/envs/pytorch_ppc64le/lib/python3.13/site-packages/sklearn/metrics/_classification.py:2524: UserWarning: y_pred contains classes not in y_true
  warnings.warn("y_pred contains classes not in y_true")
/home/triniborrell/miniforge3_ppc64le/envs/pytorch_ppc64le/lib/python3.13/site-packages/sklearn/metrics/_classification.py:2524: UserWarning: y_pred contains classes not in y_true
  warnings.warn("y_pred contains classes not in y_true")
/home/triniborrell/miniforge3_ppc64le/envs/pytorch_ppc64le/lib/python3.13/site-packages/sklearn/metrics/_classification.py:2524: UserWarning: y_pred contains classes not in y_true
  warnings.warn("y_pred contains classes not in y_true")
/home/triniborrell/miniforge3_ppc64le/envs/pytorch_ppc64le/lib/python3.13/site-packages/sklearn/metrics/_classification.py:2524: UserWarning: y_pred contains classes not in y_true
  warnings.warn("y_pred contains classes not in y_true")
/home/triniborrell/miniforge3_ppc64le/envs/pytorch_ppc64le/lib/python3.13/site-packages/sklearn/metrics/_classification.py:2524: UserWarning: y_pred contains classes not in y_true
  warnings.warn("y_pred contains classes not in y_true")
/home/triniborrell/miniforge3_ppc64le/envs/pytorch_ppc64le/lib/python3.13/site-packages/sklearn/metrics/_classification.py:2524: UserWarning: y_pred contains classes not in y_true
  warnings.warn("y_pred contains classes not in y_true")
/home/triniborrell/miniforge3_ppc64le/envs/pytorch_ppc64le/lib/python3.13/site-packages/sklearn/metrics/_classification.py:407: UserWarning: A single label was found in 'y_true' and 'y_pred'. For the confusion matrix to have the correct shape, use the 'labels' parameter to pass all known labels.
  warnings.warn(
/home/triniborrell/miniforge3_ppc64le/envs/pytorch_ppc64le/lib/python3.13/site-packages/sklearn/metrics/_classification.py:2524: UserWarning: y_pred contains classes not in y_true
  warnings.warn("y_pred contains classes not in y_true")
/home/triniborrell/miniforge3_ppc64le/envs/pytorch_ppc64le/lib/python3.13/site-packages/sklearn/metrics/_classification.py:2524: UserWarning: y_pred contains classes not in y_true
  warnings.warn("y_pred contains classes not in y_true")
/home/triniborrell/miniforge3_ppc64le/envs/pytorch_ppc64le/lib/python3.13/site-packages/sklearn/metrics/_classification.py:2524: UserWarning: y_pred contains classes not in y_true
  warnings.warn("y_pred contains classes not in y_true")
/home/triniborrell/miniforge3_ppc64le/envs/pytorch_ppc64le/lib/python3.13/site-packages/sklearn/metrics/_classification.py:2524: UserWarning: y_pred contains classes not in y_true
  warnings.warn("y_pred contains classes not in y_true")
/home/triniborrell/miniforge3_ppc64le/envs/pytorch_ppc64le/lib/python3.13/site-packages/sklearn/metrics/_classification.py:2524: UserWarning: y_pred contains classes not in y_true
  warnings.warn("y_pred contains classes not in y_true")
/home/triniborrell/miniforge3_ppc64le/envs/pytorch_ppc64le/lib/python3.13/site-packages/sklearn/metrics/_classification.py:2524: UserWarning: y_pred contains classes not in y_true
  warnings.warn("y_pred contains classes not in y_true")
/home/triniborrell/miniforge3_ppc64le/envs/pytorch_ppc64le/lib/python3.13/site-packages/sklearn/metrics/_classification.py:2524: UserWarning: y_pred contains classes not in y_true
  warnings.warn("y_pred contains classes not in y_true")
/home/triniborrell/miniforge3_ppc64le/envs/pytorch_ppc64le/lib/python3.13/site-packages/sklearn/metrics/_classification.py:407: UserWarning: A single label was found in 'y_true' and 'y_pred'. For the confusion matrix to have the correct shape, use the 'labels' parameter to pass all known labels.
  warnings.warn(
/home/triniborrell/miniforge3_ppc64le/envs/pytorch_ppc64le/lib/python3.13/site-packages/sklearn/metrics/_classification.py:2524: UserWarning: y_pred contains classes not in y_true
  warnings.warn("y_pred contains classes not in y_true")
/home/triniborrell/miniforge3_ppc64le/envs/pytorch_ppc64le/lib/python3.13/site-packages/sklearn/metrics/_classification.py:2524: UserWarning: y_pred contains classes not in y_true
  warnings.warn("y_pred contains classes not in y_true")
/home/triniborrell/miniforge3_ppc64le/envs/pytorch_ppc64le/lib/python3.13/site-packages/sklearn/metrics/_classification.py:2524: UserWarning: y_pred contains classes not in y_true
  warnings.warn("y_pred contains classes not in y_true")
/home/triniborrell/miniforge3_ppc64le/envs/pytorch_ppc64le/lib/python3.13/site-packages/sklearn/metrics/_classification.py:2524: UserWarning: y_pred contains classes not in y_true
  warnings.warn("y_pred contains classes not in y_true")
/home/triniborrell/miniforge3_ppc64le/envs/pytorch_ppc64le/lib/python3.13/site-packages/sklearn/metrics/_classification.py:2524: UserWarning: y_pred contains classes not in y_true
  warnings.warn("y_pred contains classes not in y_true")
/home/triniborrell/miniforge3_ppc64le/envs/pytorch_ppc64le/lib/python3.13/site-packages/sklearn/metrics/_classification.py:2524: UserWarning: y_pred contains classes not in y_true
  warnings.warn("y_pred contains classes not in y_true")
/home/triniborrell/miniforge3_ppc64le/envs/pytorch_ppc64le/lib/python3.13/site-packages/sklearn/metrics/_classification.py:2524: UserWarning: y_pred contains classes not in y_true
  warnings.warn("y_pred contains classes not in y_true")
/home/triniborrell/miniforge3_ppc64le/envs/pytorch_ppc64le/lib/python3.13/site-packages/sklearn/metrics/_classification.py:2524: UserWarning: y_pred contains classes not in y_true
  warnings.warn("y_pred contains classes not in y_true")
/home/triniborrell/miniforge3_ppc64le/envs/pytorch_ppc64le/lib/python3.13/site-packages/sklearn/metrics/_classification.py:2524: UserWarning: y_pred contains classes not in y_true
  warnings.warn("y_pred contains classes not in y_true")
/home/triniborrell/miniforge3_ppc64le/envs/pytorch_ppc64le/lib/python3.13/site-packages/sklearn/metrics/_classification.py:407: UserWarning: A single label was found in 'y_true' and 'y_pred'. For the confusion matrix to have the correct shape, use the 'labels' parameter to pass all known labels.
  warnings.warn(
/home/triniborrell/miniforge3_ppc64le/envs/pytorch_ppc64le/lib/python3.13/site-packages/sklearn/metrics/_classification.py:407: UserWarning: A single label was found in 'y_true' and 'y_pred'. For the confusion matrix to have the correct shape, use the 'labels' parameter to pass all known labels.
  warnings.warn(
/home/triniborrell/miniforge3_ppc64le/envs/pytorch_ppc64le/lib/python3.13/site-packages/sklearn/metrics/_classification.py:2524: UserWarning: y_pred contains classes not in y_true
  warnings.warn("y_pred contains classes not in y_true")
/home/triniborrell/miniforge3_ppc64le/envs/pytorch_ppc64le/lib/python3.13/site-packages/sklearn/metrics/_classification.py:2524: UserWarning: y_pred contains classes not in y_true
  warnings.warn("y_pred contains classes not in y_true")
/home/triniborrell/miniforge3_ppc64le/envs/pytorch_ppc64le/lib/python3.13/site-packages/sklearn/metrics/_classification.py:2524: UserWarning: y_pred contains classes not in y_true
  warnings.warn("y_pred contains classes not in y_true")
/home/triniborrell/miniforge3_ppc64le/envs/pytorch_ppc64le/lib/python3.13/site-packages/sklearn/metrics/_classification.py:2524: UserWarning: y_pred contains classes not in y_true
  warnings.warn("y_pred contains classes not in y_true")
/home/triniborrell/miniforge3_ppc64le/envs/pytorch_ppc64le/lib/python3.13/site-packages/sklearn/metrics/_classification.py:407: UserWarning: A single label was found in 'y_true' and 'y_pred'. For the confusion matrix to have the correct shape, use the 'labels' parameter to pass all known labels.
  warnings.warn(
/home/triniborrell/miniforge3_ppc64le/envs/pytorch_ppc64le/lib/python3.13/site-packages/sklearn/metrics/_classification.py:2524: UserWarning: y_pred contains classes not in y_true
  warnings.warn("y_pred contains classes not in y_true")
/home/triniborrell/miniforge3_ppc64le/envs/pytorch_ppc64le/lib/python3.13/site-packages/sklearn/metrics/_classification.py:2524: UserWarning: y_pred contains classes not in y_true
  warnings.warn("y_pred contains classes not in y_true")
/home/triniborrell/miniforge3_ppc64le/envs/pytorch_ppc64le/lib/python3.13/site-packages/sklearn/metrics/_classification.py:407: UserWarning: A single label was found in 'y_true' and 'y_pred'. For the confusion matrix to have the correct shape, use the 'labels' parameter to pass all known labels.
  warnings.warn(
/home/triniborrell/miniforge3_ppc64le/envs/pytorch_ppc64le/lib/python3.13/site-packages/sklearn/metrics/_classification.py:407: UserWarning: A single label was found in 'y_true' and 'y_pred'. For the confusion matrix to have the correct shape, use the 'labels' parameter to pass all known labels.
  warnings.warn(
/home/triniborrell/miniforge3_ppc64le/envs/pytorch_ppc64le/lib/python3.13/site-packages/sklearn/metrics/_classification.py:2524: UserWarning: y_pred contains classes not in y_true
  warnings.warn("y_pred contains classes not in y_true")
/home/triniborrell/miniforge3_ppc64le/envs/pytorch_ppc64le/lib/python3.13/site-packages/sklearn/metrics/_classification.py:2524: UserWarning: y_pred contains classes not in y_true
  warnings.warn("y_pred contains classes not in y_true")
/home/triniborrell/miniforge3_ppc64le/envs/pytorch_ppc64le/lib/python3.13/site-packages/sklearn/metrics/_classification.py:2524: UserWarning: y_pred contains classes not in y_true
  warnings.warn("y_pred contains classes not in y_true")
/home/triniborrell/miniforge3_ppc64le/envs/pytorch_ppc64le/lib/python3.13/site-packages/sklearn/metrics/_classification.py:407: UserWarning: A single label was found in 'y_true' and 'y_pred'. For the confusion matrix to have the correct shape, use the 'labels' parameter to pass all known labels.
  warnings.warn(
/home/triniborrell/miniforge3_ppc64le/envs/pytorch_ppc64le/lib/python3.13/site-packages/sklearn/metrics/_classification.py:2524: UserWarning: y_pred contains classes not in y_true
  warnings.warn("y_pred contains classes not in y_true")
/home/triniborrell/miniforge3_ppc64le/envs/pytorch_ppc64le/lib/python3.13/site-packages/sklearn/metrics/_ranking.py:379: UndefinedMetricWarning: Only one class is present in y_true. ROC AUC score is not defined in that case.
  warnings.warn(
/home/triniborrell/miniforge3_ppc64le/envs/pytorch_ppc64le/lib/python3.13/site-packages/sklearn/metrics/_classification.py:2524: UserWarning: y_pred contains classes not in y_true
  warnings.warn("y_pred contains classes not in y_true")
/home/triniborrell/miniforge3_ppc64le/envs/pytorch_ppc64le/lib/python3.13/site-packages/sklearn/metrics/_ranking.py:379: UndefinedMetricWarning: Only one class is present in y_true. ROC AUC score is not defined in that case.
  warnings.warn(
/home/triniborrell/miniforge3_ppc64le/envs/pytorch_ppc64le/lib/python3.13/site-packages/sklearn/metrics/_classification.py:2524: UserWarning: y_pred contains classes not in y_true
  warnings.warn("y_pred contains classes not in y_true")
/home/triniborrell/miniforge3_ppc64le/envs/pytorch_ppc64le/lib/python3.13/site-packages/sklearn/metrics/_classification.py:2524: UserWarning: y_pred contains classes not in y_true
  warnings.warn("y_pred contains classes not in y_true")
/home/triniborrell/miniforge3_ppc64le/envs/pytorch_ppc64le/lib/python3.13/site-packages/sklearn/metrics/_classification.py:2524: UserWarning: y_pred contains classes not in y_true
  warnings.warn("y_pred contains classes not in y_true")
/home/triniborrell/miniforge3_ppc64le/envs/pytorch_ppc64le/lib/python3.13/site-packages/sklearn/metrics/_classification.py:2524: UserWarning: y_pred contains classes not in y_true
  warnings.warn("y_pred contains classes not in y_true")
/home/triniborrell/miniforge3_ppc64le/envs/pytorch_ppc64le/lib/python3.13/site-packages/sklearn/metrics/_classification.py:2524: UserWarning: y_pred contains classes not in y_true
  warnings.warn("y_pred contains classes not in y_true")
/home/triniborrell/miniforge3_ppc64le/envs/pytorch_ppc64le/lib/python3.13/site-packages/sklearn/metrics/_classification.py:2524: UserWarning: y_pred contains classes not in y_true
  warnings.warn("y_pred contains classes not in y_true")
/home/triniborrell/miniforge3_ppc64le/envs/pytorch_ppc64le/lib/python3.13/site-packages/sklearn/metrics/_classification.py:2524: UserWarning: y_pred contains classes not in y_true
  warnings.warn("y_pred contains classes not in y_true")
/home/triniborrell/miniforge3_ppc64le/envs/pytorch_ppc64le/lib/python3.13/site-packages/sklearn/metrics/_classification.py:2524: UserWarning: y_pred contains classes not in y_true
  warnings.warn("y_pred contains classes not in y_true")
/home/triniborrell/miniforge3_ppc64le/envs/pytorch_ppc64le/lib/python3.13/site-packages/sklearn/metrics/_classification.py:2524: UserWarning: y_pred contains classes not in y_true
  warnings.warn("y_pred contains classes not in y_true")
/home/triniborrell/miniforge3_ppc64le/envs/pytorch_ppc64le/lib/python3.13/site-packages/sklearn/metrics/_ranking.py:379: UndefinedMetricWarning: Only one class is present in y_true. ROC AUC score is not defined in that case.
  warnings.warn(
/home/triniborrell/miniforge3_ppc64le/envs/pytorch_ppc64le/lib/python3.13/site-packages/sklearn/metrics/_classification.py:2524: UserWarning: y_pred contains classes not in y_true
  warnings.warn("y_pred contains classes not in y_true")
[11:35:10] [TOTEM] kernel_ridge | sessions=20 DONE in 9.0s (bal_acc=0.383, auc=nan)
[11:35:10] [TOTEM] random_forest | sessions=20
/home/triniborrell/miniforge3_ppc64le/envs/pytorch_ppc64le/lib/python3.13/site-packages/sklearn/metrics/_classification.py:2524: UserWarning: y_pred contains classes not in y_true
  warnings.warn("y_pred contains classes not in y_true")
/home/triniborrell/miniforge3_ppc64le/envs/pytorch_ppc64le/lib/python3.13/site-packages/sklearn/metrics/_classification.py:2524: UserWarning: y_pred contains classes not in y_true
  warnings.warn("y_pred contains classes not in y_true")
/home/triniborrell/miniforge3_ppc64le/envs/pytorch_ppc64le/lib/python3.13/site-packages/sklearn/metrics/_classification.py:407: UserWarning: A single label was found in 'y_true' and 'y_pred'. For the confusion matrix to have the correct shape, use the 'labels' parameter to pass all known labels.
  warnings.warn(
/home/triniborrell/miniforge3_ppc64le/envs/pytorch_ppc64le/lib/python3.13/site-packages/sklearn/metrics/_classification.py:407: UserWarning: A single label was found in 'y_true' and 'y_pred'. For the confusion matrix to have the correct shape, use the 'labels' parameter to pass all known labels.
  warnings.warn(
/home/triniborrell/miniforge3_ppc64le/envs/pytorch_ppc64le/lib/python3.13/site-packages/sklearn/metrics/_classification.py:2524: UserWarning: y_pred contains classes not in y_true
  warnings.warn("y_pred contains classes not in y_true")
/home/triniborrell/miniforge3_ppc64le/envs/pytorch_ppc64le/lib/python3.13/site-packages/sklearn/metrics/_classification.py:2524: UserWarning: y_pred contains classes not in y_true
  warnings.warn("y_pred contains classes not in y_true")
/home/triniborrell/miniforge3_ppc64le/envs/pytorch_ppc64le/lib/python3.13/site-packages/sklearn/metrics/_classification.py:407: UserWarning: A single label was found in 'y_true' and 'y_pred'. For the confusion matrix to have the correct shape, use the 'labels' parameter to pass all known labels.
  warnings.warn(
/home/triniborrell/miniforge3_ppc64le/envs/pytorch_ppc64le/lib/python3.13/site-packages/sklearn/metrics/_classification.py:407: UserWarning: A single label was found in 'y_true' and 'y_pred'. For the confusion matrix to have the correct shape, use the 'labels' parameter to pass all known labels.
  warnings.warn(
/home/triniborrell/miniforge3_ppc64le/envs/pytorch_ppc64le/lib/python3.13/site-packages/sklearn/metrics/_classification.py:407: UserWarning: A single label was found in 'y_true' and 'y_pred'. For the confusion matrix to have the correct shape, use the 'labels' parameter to pass all known labels.
  warnings.warn(
/home/triniborrell/miniforge3_ppc64le/envs/pytorch_ppc64le/lib/python3.13/site-packages/sklearn/metrics/_classification.py:407: UserWarning: A single label was found in 'y_true' and 'y_pred'. For the confusion matrix to have the correct shape, use the 'labels' parameter to pass all known labels.
  warnings.warn(
/home/triniborrell/miniforge3_ppc64le/envs/pytorch_ppc64le/lib/python3.13/site-packages/sklearn/metrics/_classification.py:407: UserWarning: A single label was found in 'y_true' and 'y_pred'. For the confusion matrix to have the correct shape, use the 'labels' parameter to pass all known labels.
  warnings.warn(
/home/triniborrell/miniforge3_ppc64le/envs/pytorch_ppc64le/lib/python3.13/site-packages/sklearn/metrics/_classification.py:407: UserWarning: A single label was found in 'y_true' and 'y_pred'. For the confusion matrix to have the correct shape, use the 'labels' parameter to pass all known labels.
  warnings.warn(
/home/triniborrell/miniforge3_ppc64le/envs/pytorch_ppc64le/lib/python3.13/site-packages/sklearn/metrics/_classification.py:2524: UserWarning: y_pred contains classes not in y_true
  warnings.warn("y_pred contains classes not in y_true")
/home/triniborrell/miniforge3_ppc64le/envs/pytorch_ppc64le/lib/python3.13/site-packages/sklearn/metrics/_classification.py:407: UserWarning: A single label was found in 'y_true' and 'y_pred'. For the confusion matrix to have the correct shape, use the 'labels' parameter to pass all known labels.
  warnings.warn(
/home/triniborrell/miniforge3_ppc64le/envs/pytorch_ppc64le/lib/python3.13/site-packages/sklearn/metrics/_classification.py:407: UserWarning: A single label was found in 'y_true' and 'y_pred'. For the confusion matrix to have the correct shape, use the 'labels' parameter to pass all known labels.
  warnings.warn(
/home/triniborrell/miniforge3_ppc64le/envs/pytorch_ppc64le/lib/python3.13/site-packages/sklearn/metrics/_classification.py:407: UserWarning: A single label was found in 'y_true' and 'y_pred'. For the confusion matrix to have the correct shape, use the 'labels' parameter to pass all known labels.
  warnings.warn(
/home/triniborrell/miniforge3_ppc64le/envs/pytorch_ppc64le/lib/python3.13/site-packages/sklearn/metrics/_classification.py:407: UserWarning: A single label was found in 'y_true' and 'y_pred'. For the confusion matrix to have the correct shape, use the 'labels' parameter to pass all known labels.
  warnings.warn(
/home/triniborrell/miniforge3_ppc64le/envs/pytorch_ppc64le/lib/python3.13/site-packages/sklearn/metrics/_classification.py:407: UserWarning: A single label was found in 'y_true' and 'y_pred'. For the confusion matrix to have the correct shape, use the 'labels' parameter to pass all known labels.
  warnings.warn(
/home/triniborrell/miniforge3_ppc64le/envs/pytorch_ppc64le/lib/python3.13/site-packages/sklearn/metrics/_classification.py:407: UserWarning: A single label was found in 'y_true' and 'y_pred'. For the confusion matrix to have the correct shape, use the 'labels' parameter to pass all known labels.
  warnings.warn(
/home/triniborrell/miniforge3_ppc64le/envs/pytorch_ppc64le/lib/python3.13/site-packages/sklearn/metrics/_classification.py:407: UserWarning: A single label was found in 'y_true' and 'y_pred'. For the confusion matrix to have the correct shape, use the 'labels' parameter to pass all known labels.
  warnings.warn(
/home/triniborrell/miniforge3_ppc64le/envs/pytorch_ppc64le/lib/python3.13/site-packages/sklearn/metrics/_classification.py:2524: UserWarning: y_pred contains classes not in y_true
  warnings.warn("y_pred contains classes not in y_true")
/home/triniborrell/miniforge3_ppc64le/envs/pytorch_ppc64le/lib/python3.13/site-packages/sklearn/metrics/_classification.py:407: UserWarning: A single label was found in 'y_true' and 'y_pred'. For the confusion matrix to have the correct shape, use the 'labels' parameter to pass all known labels.
  warnings.warn(
/home/triniborrell/miniforge3_ppc64le/envs/pytorch_ppc64le/lib/python3.13/site-packages/sklearn/metrics/_classification.py:407: UserWarning: A single label was found in 'y_true' and 'y_pred'. For the confusion matrix to have the correct shape, use the 'labels' parameter to pass all known labels.
  warnings.warn(
/home/triniborrell/miniforge3_ppc64le/envs/pytorch_ppc64le/lib/python3.13/site-packages/sklearn/metrics/_classification.py:407: UserWarning: A single label was found in 'y_true' and 'y_pred'. For the confusion matrix to have the correct shape, use the 'labels' parameter to pass all known labels.
  warnings.warn(
/home/triniborrell/miniforge3_ppc64le/envs/pytorch_ppc64le/lib/python3.13/site-packages/sklearn/metrics/_classification.py:407: UserWarning: A single label was found in 'y_true' and 'y_pred'. For the confusion matrix to have the correct shape, use the 'labels' parameter to pass all known labels.
  warnings.warn(
/home/triniborrell/miniforge3_ppc64le/envs/pytorch_ppc64le/lib/python3.13/site-packages/sklearn/metrics/_classification.py:407: UserWarning: A single label was found in 'y_true' and 'y_pred'. For the confusion matrix to have the correct shape, use the 'labels' parameter to pass all known labels.
  warnings.warn(
/home/triniborrell/miniforge3_ppc64le/envs/pytorch_ppc64le/lib/python3.13/site-packages/sklearn/metrics/_classification.py:407: UserWarning: A single label was found in 'y_true' and 'y_pred'. For the confusion matrix to have the correct shape, use the 'labels' parameter to pass all known labels.
  warnings.warn(
/home/triniborrell/miniforge3_ppc64le/envs/pytorch_ppc64le/lib/python3.13/site-packages/sklearn/metrics/_classification.py:407: UserWarning: A single label was found in 'y_true' and 'y_pred'. For the confusion matrix to have the correct shape, use the 'labels' parameter to pass all known labels.
  warnings.warn(
/home/triniborrell/miniforge3_ppc64le/envs/pytorch_ppc64le/lib/python3.13/site-packages/sklearn/metrics/_classification.py:407: UserWarning: A single label was found in 'y_true' and 'y_pred'. For the confusion matrix to have the correct shape, use the 'labels' parameter to pass all known labels.
  warnings.warn(
/home/triniborrell/miniforge3_ppc64le/envs/pytorch_ppc64le/lib/python3.13/site-packages/sklearn/metrics/_classification.py:407: UserWarning: A single label was found in 'y_true' and 'y_pred'. For the confusion matrix to have the correct shape, use the 'labels' parameter to pass all known labels.
  warnings.warn(
/home/triniborrell/miniforge3_ppc64le/envs/pytorch_ppc64le/lib/python3.13/site-packages/sklearn/metrics/_ranking.py:379: UndefinedMetricWarning: Only one class is present in y_true. ROC AUC score is not defined in that case.
  warnings.warn(
/home/triniborrell/miniforge3_ppc64le/envs/pytorch_ppc64le/lib/python3.13/site-packages/sklearn/metrics/_classification.py:2524: UserWarning: y_pred contains classes not in y_true
  warnings.warn("y_pred contains classes not in y_true")
/home/triniborrell/miniforge3_ppc64le/envs/pytorch_ppc64le/lib/python3.13/site-packages/sklearn/metrics/_classification.py:407: UserWarning: A single label was found in 'y_true' and 'y_pred'. For the confusion matrix to have the correct shape, use the 'labels' parameter to pass all known labels.
  warnings.warn(
/home/triniborrell/miniforge3_ppc64le/envs/pytorch_ppc64le/lib/python3.13/site-packages/sklearn/metrics/_classification.py:407: UserWarning: A single label was found in 'y_true' and 'y_pred'. For the confusion matrix to have the correct shape, use the 'labels' parameter to pass all known labels.
  warnings.warn(
/home/triniborrell/miniforge3_ppc64le/envs/pytorch_ppc64le/lib/python3.13/site-packages/sklearn/metrics/_ranking.py:379: UndefinedMetricWarning: Only one class is present in y_true. ROC AUC score is not defined in that case.
  warnings.warn(
/home/triniborrell/miniforge3_ppc64le/envs/pytorch_ppc64le/lib/python3.13/site-packages/sklearn/metrics/_classification.py:2524: UserWarning: y_pred contains classes not in y_true
  warnings.warn("y_pred contains classes not in y_true")
[11:35:14] [LaBram] kernel_ridge | sessions=20 DONE in 9.8s (bal_acc=0.400, auc=nan)
[11:35:14] [LaBram] random_forest | sessions=20
[11:35:15] [CBraMod] kernel_ridge | sessions=20 DONE in 10.4s (bal_acc=0.550, auc=nan)
[11:35:15] [CBraMod] random_forest | sessions=20
/home/triniborrell/miniforge3_ppc64le/envs/pytorch_ppc64le/lib/python3.13/site-packages/sklearn/metrics/_classification.py:2524: UserWarning: y_pred contains classes not in y_true
  warnings.warn("y_pred contains classes not in y_true")
/home/triniborrell/miniforge3_ppc64le/envs/pytorch_ppc64le/lib/python3.13/site-packages/sklearn/metrics/_classification.py:2524: UserWarning: y_pred contains classes not in y_true
  warnings.warn("y_pred contains classes not in y_true")
/home/triniborrell/miniforge3_ppc64le/envs/pytorch_ppc64le/lib/python3.13/site-packages/sklearn/metrics/_classification.py:2524: UserWarning: y_pred contains classes not in y_true
  warnings.warn("y_pred contains classes not in y_true")
/home/triniborrell/miniforge3_ppc64le/envs/pytorch_ppc64le/lib/python3.13/site-packages/sklearn/metrics/_classification.py:407: UserWarning: A single label was found in 'y_true' and 'y_pred'. For the confusion matrix to have the correct shape, use the 'labels' parameter to pass all known labels.
  warnings.warn(
/home/triniborrell/miniforge3_ppc64le/envs/pytorch_ppc64le/lib/python3.13/site-packages/sklearn/metrics/_classification.py:2524: UserWarning: y_pred contains classes not in y_true
  warnings.warn("y_pred contains classes not in y_true")
/home/triniborrell/miniforge3_ppc64le/envs/pytorch_ppc64le/lib/python3.13/site-packages/sklearn/metrics/_classification.py:2524: UserWarning: y_pred contains classes not in y_true
  warnings.warn("y_pred contains classes not in y_true")
/home/triniborrell/miniforge3_ppc64le/envs/pytorch_ppc64le/lib/python3.13/site-packages/sklearn/metrics/_classification.py:2524: UserWarning: y_pred contains classes not in y_true
  warnings.warn("y_pred contains classes not in y_true")
/home/triniborrell/miniforge3_ppc64le/envs/pytorch_ppc64le/lib/python3.13/site-packages/sklearn/metrics/_classification.py:2524: UserWarning: y_pred contains classes not in y_true
  warnings.warn("y_pred contains classes not in y_true")
/home/triniborrell/miniforge3_ppc64le/envs/pytorch_ppc64le/lib/python3.13/site-packages/sklearn/metrics/_classification.py:2524: UserWarning: y_pred contains classes not in y_true
  warnings.warn("y_pred contains classes not in y_true")
/home/triniborrell/miniforge3_ppc64le/envs/pytorch_ppc64le/lib/python3.13/site-packages/sklearn/metrics/_classification.py:407: UserWarning: A single label was found in 'y_true' and 'y_pred'. For the confusion matrix to have the correct shape, use the 'labels' parameter to pass all known labels.
  warnings.warn(
/home/triniborrell/miniforge3_ppc64le/envs/pytorch_ppc64le/lib/python3.13/site-packages/sklearn/metrics/_classification.py:2524: UserWarning: y_pred contains classes not in y_true
  warnings.warn("y_pred contains classes not in y_true")
/home/triniborrell/miniforge3_ppc64le/envs/pytorch_ppc64le/lib/python3.13/site-packages/sklearn/metrics/_classification.py:2524: UserWarning: y_pred contains classes not in y_true
  warnings.warn("y_pred contains classes not in y_true")
/home/triniborrell/miniforge3_ppc64le/envs/pytorch_ppc64le/lib/python3.13/site-packages/sklearn/metrics/_classification.py:2524: UserWarning: y_pred contains classes not in y_true
  warnings.warn("y_pred contains classes not in y_true")
/home/triniborrell/miniforge3_ppc64le/envs/pytorch_ppc64le/lib/python3.13/site-packages/sklearn/metrics/_classification.py:2524: UserWarning: y_pred contains classes not in y_true
  warnings.warn("y_pred contains classes not in y_true")
/home/triniborrell/miniforge3_ppc64le/envs/pytorch_ppc64le/lib/python3.13/site-packages/sklearn/metrics/_classification.py:2524: UserWarning: y_pred contains classes not in y_true
  warnings.warn("y_pred contains classes not in y_true")
/home/triniborrell/miniforge3_ppc64le/envs/pytorch_ppc64le/lib/python3.13/site-packages/sklearn/metrics/_classification.py:407: UserWarning: A single label was found in 'y_true' and 'y_pred'. For the confusion matrix to have the correct shape, use the 'labels' parameter to pass all known labels.
  warnings.warn(
/home/triniborrell/miniforge3_ppc64le/envs/pytorch_ppc64le/lib/python3.13/site-packages/sklearn/metrics/_classification.py:2524: UserWarning: y_pred contains classes not in y_true
  warnings.warn("y_pred contains classes not in y_true")
/home/triniborrell/miniforge3_ppc64le/envs/pytorch_ppc64le/lib/python3.13/site-packages/sklearn/metrics/_classification.py:2524: UserWarning: y_pred contains classes not in y_true
  warnings.warn("y_pred contains classes not in y_true")
/home/triniborrell/miniforge3_ppc64le/envs/pytorch_ppc64le/lib/python3.13/site-packages/sklearn/metrics/_ranking.py:379: UndefinedMetricWarning: Only one class is present in y_true. ROC AUC score is not defined in that case.
  warnings.warn(
/home/triniborrell/miniforge3_ppc64le/envs/pytorch_ppc64le/lib/python3.13/site-packages/sklearn/metrics/_classification.py:2524: UserWarning: y_pred contains classes not in y_true
  warnings.warn("y_pred contains classes not in y_true")
[11:36:00] [NeuroLM] mlp | sessions=20 DONE in 100.1s (bal_acc=0.583, auc=nan)
[11:36:00] [NeuroLM] kernel_ridge | sessions=20
/home/triniborrell/miniforge3_ppc64le/envs/pytorch_ppc64le/lib/python3.13/site-packages/sklearn/metrics/_classification.py:2524: UserWarning: y_pred contains classes not in y_true
  warnings.warn("y_pred contains classes not in y_true")
/home/triniborrell/miniforge3_ppc64le/envs/pytorch_ppc64le/lib/python3.13/site-packages/sklearn/metrics/_classification.py:2524: UserWarning: y_pred contains classes not in y_true
  warnings.warn("y_pred contains classes not in y_true")
/home/triniborrell/miniforge3_ppc64le/envs/pytorch_ppc64le/lib/python3.13/site-packages/sklearn/metrics/_classification.py:2524: UserWarning: y_pred contains classes not in y_true
  warnings.warn("y_pred contains classes not in y_true")
/home/triniborrell/miniforge3_ppc64le/envs/pytorch_ppc64le/lib/python3.13/site-packages/sklearn/metrics/_classification.py:2524: UserWarning: y_pred contains classes not in y_true
  warnings.warn("y_pred contains classes not in y_true")
/home/triniborrell/miniforge3_ppc64le/envs/pytorch_ppc64le/lib/python3.13/site-packages/sklearn/metrics/_classification.py:2524: UserWarning: y_pred contains classes not in y_true
  warnings.warn("y_pred contains classes not in y_true")
/home/triniborrell/miniforge3_ppc64le/envs/pytorch_ppc64le/lib/python3.13/site-packages/sklearn/metrics/_classification.py:2524: UserWarning: y_pred contains classes not in y_true
  warnings.warn("y_pred contains classes not in y_true")
/home/triniborrell/miniforge3_ppc64le/envs/pytorch_ppc64le/lib/python3.13/site-packages/sklearn/metrics/_classification.py:2524: UserWarning: y_pred contains classes not in y_true
  warnings.warn("y_pred contains classes not in y_true")
/home/triniborrell/miniforge3_ppc64le/envs/pytorch_ppc64le/lib/python3.13/site-packages/sklearn/metrics/_classification.py:2524: UserWarning: y_pred contains classes not in y_true
  warnings.warn("y_pred contains classes not in y_true")
/home/triniborrell/miniforge3_ppc64le/envs/pytorch_ppc64le/lib/python3.13/site-packages/sklearn/metrics/_classification.py:2524: UserWarning: y_pred contains classes not in y_true
  warnings.warn("y_pred contains classes not in y_true")
/home/triniborrell/miniforge3_ppc64le/envs/pytorch_ppc64le/lib/python3.13/site-packages/sklearn/metrics/_classification.py:2524: UserWarning: y_pred contains classes not in y_true
  warnings.warn("y_pred contains classes not in y_true")
/home/triniborrell/miniforge3_ppc64le/envs/pytorch_ppc64le/lib/python3.13/site-packages/sklearn/metrics/_classification.py:2524: UserWarning: y_pred contains classes not in y_true
  warnings.warn("y_pred contains classes not in y_true")
/home/triniborrell/miniforge3_ppc64le/envs/pytorch_ppc64le/lib/python3.13/site-packages/sklearn/metrics/_classification.py:2524: UserWarning: y_pred contains classes not in y_true
  warnings.warn("y_pred contains classes not in y_true")
/home/triniborrell/miniforge3_ppc64le/envs/pytorch_ppc64le/lib/python3.13/site-packages/sklearn/metrics/_classification.py:2524: UserWarning: y_pred contains classes not in y_true
  warnings.warn("y_pred contains classes not in y_true")
/home/triniborrell/miniforge3_ppc64le/envs/pytorch_ppc64le/lib/python3.13/site-packages/sklearn/metrics/_classification.py:2524: UserWarning: y_pred contains classes not in y_true
  warnings.warn("y_pred contains classes not in y_true")
/home/triniborrell/miniforge3_ppc64le/envs/pytorch_ppc64le/lib/python3.13/site-packages/sklearn/metrics/_classification.py:2524: UserWarning: y_pred contains classes not in y_true
  warnings.warn("y_pred contains classes not in y_true")
/home/triniborrell/miniforge3_ppc64le/envs/pytorch_ppc64le/lib/python3.13/site-packages/sklearn/metrics/_classification.py:2524: UserWarning: y_pred contains classes not in y_true
  warnings.warn("y_pred contains classes not in y_true")
/home/triniborrell/miniforge3_ppc64le/envs/pytorch_ppc64le/lib/python3.13/site-packages/sklearn/metrics/_ranking.py:379: UndefinedMetricWarning: Only one class is present in y_true. ROC AUC score is not defined in that case.
  warnings.warn(
/home/triniborrell/miniforge3_ppc64le/envs/pytorch_ppc64le/lib/python3.13/site-packages/sklearn/metrics/_classification.py:407: UserWarning: A single label was found in 'y_true' and 'y_pred'. For the confusion matrix to have the correct shape, use the 'labels' parameter to pass all known labels.
  warnings.warn(
/home/triniborrell/miniforge3_ppc64le/envs/pytorch_ppc64le/lib/python3.13/site-packages/sklearn/metrics/_classification.py:407: UserWarning: A single label was found in 'y_true' and 'y_pred'. For the confusion matrix to have the correct shape, use the 'labels' parameter to pass all known labels.
  warnings.warn(
/home/triniborrell/miniforge3_ppc64le/envs/pytorch_ppc64le/lib/python3.13/site-packages/sklearn/metrics/_classification.py:407: UserWarning: A single label was found in 'y_true' and 'y_pred'. For the confusion matrix to have the correct shape, use the 'labels' parameter to pass all known labels.
  warnings.warn(
/home/triniborrell/miniforge3_ppc64le/envs/pytorch_ppc64le/lib/python3.13/site-packages/sklearn/metrics/_classification.py:407: UserWarning: A single label was found in 'y_true' and 'y_pred'. For the confusion matrix to have the correct shape, use the 'labels' parameter to pass all known labels.
  warnings.warn(
/home/triniborrell/miniforge3_ppc64le/envs/pytorch_ppc64le/lib/python3.13/site-packages/sklearn/metrics/_classification.py:407: UserWarning: A single label was found in 'y_true' and 'y_pred'. For the confusion matrix to have the correct shape, use the 'labels' parameter to pass all known labels.
  warnings.warn(
/home/triniborrell/miniforge3_ppc64le/envs/pytorch_ppc64le/lib/python3.13/site-packages/sklearn/metrics/_classification.py:407: UserWarning: A single label was found in 'y_true' and 'y_pred'. For the confusion matrix to have the correct shape, use the 'labels' parameter to pass all known labels.
  warnings.warn(
/home/triniborrell/miniforge3_ppc64le/envs/pytorch_ppc64le/lib/python3.13/site-packages/sklearn/metrics/_classification.py:407: UserWarning: A single label was found in 'y_true' and 'y_pred'. For the confusion matrix to have the correct shape, use the 'labels' parameter to pass all known labels.
  warnings.warn(
/home/triniborrell/miniforge3_ppc64le/envs/pytorch_ppc64le/lib/python3.13/site-packages/sklearn/metrics/_classification.py:407: UserWarning: A single label was found in 'y_true' and 'y_pred'. For the confusion matrix to have the correct shape, use the 'labels' parameter to pass all known labels.
  warnings.warn(
/home/triniborrell/miniforge3_ppc64le/envs/pytorch_ppc64le/lib/python3.13/site-packages/sklearn/metrics/_classification.py:407: UserWarning: A single label was found in 'y_true' and 'y_pred'. For the confusion matrix to have the correct shape, use the 'labels' parameter to pass all known labels.
  warnings.warn(
/home/triniborrell/miniforge3_ppc64le/envs/pytorch_ppc64le/lib/python3.13/site-packages/sklearn/metrics/_classification.py:407: UserWarning: A single label was found in 'y_true' and 'y_pred'. For the confusion matrix to have the correct shape, use the 'labels' parameter to pass all known labels.
  warnings.warn(
/home/triniborrell/miniforge3_ppc64le/envs/pytorch_ppc64le/lib/python3.13/site-packages/sklearn/metrics/_classification.py:407: UserWarning: A single label was found in 'y_true' and 'y_pred'. For the confusion matrix to have the correct shape, use the 'labels' parameter to pass all known labels.
  warnings.warn(
/home/triniborrell/miniforge3_ppc64le/envs/pytorch_ppc64le/lib/python3.13/site-packages/sklearn/metrics/_classification.py:407: UserWarning: A single label was found in 'y_true' and 'y_pred'. For the confusion matrix to have the correct shape, use the 'labels' parameter to pass all known labels.
  warnings.warn(
/home/triniborrell/miniforge3_ppc64le/envs/pytorch_ppc64le/lib/python3.13/site-packages/sklearn/metrics/_classification.py:407: UserWarning: A single label was found in 'y_true' and 'y_pred'. For the confusion matrix to have the correct shape, use the 'labels' parameter to pass all known labels.
  warnings.warn(
/home/triniborrell/miniforge3_ppc64le/envs/pytorch_ppc64le/lib/python3.13/site-packages/sklearn/metrics/_classification.py:407: UserWarning: A single label was found in 'y_true' and 'y_pred'. For the confusion matrix to have the correct shape, use the 'labels' parameter to pass all known labels.
  warnings.warn(
/home/triniborrell/miniforge3_ppc64le/envs/pytorch_ppc64le/lib/python3.13/site-packages/sklearn/metrics/_classification.py:407: UserWarning: A single label was found in 'y_true' and 'y_pred'. For the confusion matrix to have the correct shape, use the 'labels' parameter to pass all known labels.
  warnings.warn(
/home/triniborrell/miniforge3_ppc64le/envs/pytorch_ppc64le/lib/python3.13/site-packages/sklearn/metrics/_classification.py:407: UserWarning: A single label was found in 'y_true' and 'y_pred'. For the confusion matrix to have the correct shape, use the 'labels' parameter to pass all known labels.
  warnings.warn(
/home/triniborrell/miniforge3_ppc64le/envs/pytorch_ppc64le/lib/python3.13/site-packages/sklearn/metrics/_classification.py:407: UserWarning: A single label was found in 'y_true' and 'y_pred'. For the confusion matrix to have the correct shape, use the 'labels' parameter to pass all known labels.
  warnings.warn(
/home/triniborrell/miniforge3_ppc64le/envs/pytorch_ppc64le/lib/python3.13/site-packages/sklearn/metrics/_ranking.py:379: UndefinedMetricWarning: Only one class is present in y_true. ROC AUC score is not defined in that case.
  warnings.warn(
/home/triniborrell/miniforge3_ppc64le/envs/pytorch_ppc64le/lib/python3.13/site-packages/sklearn/metrics/_classification.py:2524: UserWarning: y_pred contains classes not in y_true
  warnings.warn("y_pred contains classes not in y_true")
[11:36:50] [NeuroLM] kernel_ridge | sessions=20 DONE in 50.2s (bal_acc=0.667, auc=nan)
[11:36:50] [NeuroLM] random_forest | sessions=20
/home/triniborrell/miniforge3_ppc64le/envs/pytorch_ppc64le/lib/python3.13/site-packages/sklearn/metrics/_classification.py:2524: UserWarning: y_pred contains classes not in y_true
  warnings.warn("y_pred contains classes not in y_true")
/home/triniborrell/miniforge3_ppc64le/envs/pytorch_ppc64le/lib/python3.13/site-packages/sklearn/metrics/_classification.py:2524: UserWarning: y_pred contains classes not in y_true
  warnings.warn("y_pred contains classes not in y_true")
/home/triniborrell/miniforge3_ppc64le/envs/pytorch_ppc64le/lib/python3.13/site-packages/sklearn/metrics/_classification.py:2524: UserWarning: y_pred contains classes not in y_true
  warnings.warn("y_pred contains classes not in y_true")
/home/triniborrell/miniforge3_ppc64le/envs/pytorch_ppc64le/lib/python3.13/site-packages/sklearn/metrics/_classification.py:2524: UserWarning: y_pred contains classes not in y_true
  warnings.warn("y_pred contains classes not in y_true")
/home/triniborrell/miniforge3_ppc64le/envs/pytorch_ppc64le/lib/python3.13/site-packages/sklearn/metrics/_classification.py:2524: UserWarning: y_pred contains classes not in y_true
  warnings.warn("y_pred contains classes not in y_true")
/home/triniborrell/miniforge3_ppc64le/envs/pytorch_ppc64le/lib/python3.13/site-packages/sklearn/metrics/_classification.py:2524: UserWarning: y_pred contains classes not in y_true
  warnings.warn("y_pred contains classes not in y_true")
/home/triniborrell/miniforge3_ppc64le/envs/pytorch_ppc64le/lib/python3.13/site-packages/sklearn/metrics/_classification.py:2524: UserWarning: y_pred contains classes not in y_true
  warnings.warn("y_pred contains classes not in y_true")
/home/triniborrell/miniforge3_ppc64le/envs/pytorch_ppc64le/lib/python3.13/site-packages/sklearn/metrics/_classification.py:2524: UserWarning: y_pred contains classes not in y_true
  warnings.warn("y_pred contains classes not in y_true")
/home/triniborrell/miniforge3_ppc64le/envs/pytorch_ppc64le/lib/python3.13/site-packages/sklearn/metrics/_classification.py:2524: UserWarning: y_pred contains classes not in y_true
  warnings.warn("y_pred contains classes not in y_true")
/home/triniborrell/miniforge3_ppc64le/envs/pytorch_ppc64le/lib/python3.13/site-packages/sklearn/metrics/_classification.py:2524: UserWarning: y_pred contains classes not in y_true
  warnings.warn("y_pred contains classes not in y_true")
/home/triniborrell/miniforge3_ppc64le/envs/pytorch_ppc64le/lib/python3.13/site-packages/sklearn/metrics/_classification.py:2524: UserWarning: y_pred contains classes not in y_true
  warnings.warn("y_pred contains classes not in y_true")
/home/triniborrell/miniforge3_ppc64le/envs/pytorch_ppc64le/lib/python3.13/site-packages/sklearn/metrics/_classification.py:2524: UserWarning: y_pred contains classes not in y_true
  warnings.warn("y_pred contains classes not in y_true")
/home/triniborrell/miniforge3_ppc64le/envs/pytorch_ppc64le/lib/python3.13/site-packages/sklearn/metrics/_classification.py:2524: UserWarning: y_pred contains classes not in y_true
  warnings.warn("y_pred contains classes not in y_true")
/home/triniborrell/miniforge3_ppc64le/envs/pytorch_ppc64le/lib/python3.13/site-packages/sklearn/metrics/_classification.py:2524: UserWarning: y_pred contains classes not in y_true
  warnings.warn("y_pred contains classes not in y_true")
/home/triniborrell/miniforge3_ppc64le/envs/pytorch_ppc64le/lib/python3.13/site-packages/sklearn/metrics/_classification.py:2524: UserWarning: y_pred contains classes not in y_true
  warnings.warn("y_pred contains classes not in y_true")
/home/triniborrell/miniforge3_ppc64le/envs/pytorch_ppc64le/lib/python3.13/site-packages/sklearn/metrics/_classification.py:2524: UserWarning: y_pred contains classes not in y_true
  warnings.warn("y_pred contains classes not in y_true")
/home/triniborrell/miniforge3_ppc64le/envs/pytorch_ppc64le/lib/python3.13/site-packages/sklearn/metrics/_classification.py:2524: UserWarning: y_pred contains classes not in y_true
  warnings.warn("y_pred contains classes not in y_true")
/home/triniborrell/miniforge3_ppc64le/envs/pytorch_ppc64le/lib/python3.13/site-packages/sklearn/metrics/_classification.py:2524: UserWarning: y_pred contains classes not in y_true
  warnings.warn("y_pred contains classes not in y_true")
/home/triniborrell/miniforge3_ppc64le/envs/pytorch_ppc64le/lib/python3.13/site-packages/sklearn/metrics/_classification.py:2524: UserWarning: y_pred contains classes not in y_true
  warnings.warn("y_pred contains classes not in y_true")
/home/triniborrell/miniforge3_ppc64le/envs/pytorch_ppc64le/lib/python3.13/site-packages/sklearn/metrics/_classification.py:2524: UserWarning: y_pred contains classes not in y_true
  warnings.warn("y_pred contains classes not in y_true")
/home/triniborrell/miniforge3_ppc64le/envs/pytorch_ppc64le/lib/python3.13/site-packages/sklearn/metrics/_classification.py:2524: UserWarning: y_pred contains classes not in y_true
  warnings.warn("y_pred contains classes not in y_true")
/home/triniborrell/miniforge3_ppc64le/envs/pytorch_ppc64le/lib/python3.13/site-packages/sklearn/metrics/_classification.py:2524: UserWarning: y_pred contains classes not in y_true
  warnings.warn("y_pred contains classes not in y_true")
/home/triniborrell/miniforge3_ppc64le/envs/pytorch_ppc64le/lib/python3.13/site-packages/sklearn/metrics/_classification.py:2524: UserWarning: y_pred contains classes not in y_true
  warnings.warn("y_pred contains classes not in y_true")
/home/triniborrell/miniforge3_ppc64le/envs/pytorch_ppc64le/lib/python3.13/site-packages/sklearn/metrics/_classification.py:2524: UserWarning: y_pred contains classes not in y_true
  warnings.warn("y_pred contains classes not in y_true")
/home/triniborrell/miniforge3_ppc64le/envs/pytorch_ppc64le/lib/python3.13/site-packages/sklearn/metrics/_classification.py:2524: UserWarning: y_pred contains classes not in y_true
  warnings.warn("y_pred contains classes not in y_true")
/home/triniborrell/miniforge3_ppc64le/envs/pytorch_ppc64le/lib/python3.13/site-packages/sklearn/metrics/_classification.py:2524: UserWarning: y_pred contains classes not in y_true
  warnings.warn("y_pred contains classes not in y_true")
/home/triniborrell/miniforge3_ppc64le/envs/pytorch_ppc64le/lib/python3.13/site-packages/sklearn/metrics/_classification.py:2524: UserWarning: y_pred contains classes not in y_true
  warnings.warn("y_pred contains classes not in y_true")
/home/triniborrell/miniforge3_ppc64le/envs/pytorch_ppc64le/lib/python3.13/site-packages/sklearn/metrics/_classification.py:2524: UserWarning: y_pred contains classes not in y_true
  warnings.warn("y_pred contains classes not in y_true")
/home/triniborrell/miniforge3_ppc64le/envs/pytorch_ppc64le/lib/python3.13/site-packages/sklearn/metrics/_classification.py:2524: UserWarning: y_pred contains classes not in y_true
  warnings.warn("y_pred contains classes not in y_true")
/home/triniborrell/miniforge3_ppc64le/envs/pytorch_ppc64le/lib/python3.13/site-packages/sklearn/metrics/_classification.py:2524: UserWarning: y_pred contains classes not in y_true
  warnings.warn("y_pred contains classes not in y_true")
/home/triniborrell/miniforge3_ppc64le/envs/pytorch_ppc64le/lib/python3.13/site-packages/sklearn/metrics/_classification.py:2524: UserWarning: y_pred contains classes not in y_true
  warnings.warn("y_pred contains classes not in y_true")
/home/triniborrell/miniforge3_ppc64le/envs/pytorch_ppc64le/lib/python3.13/site-packages/sklearn/metrics/_classification.py:2524: UserWarning: y_pred contains classes not in y_true
  warnings.warn("y_pred contains classes not in y_true")
/home/triniborrell/miniforge3_ppc64le/envs/pytorch_ppc64le/lib/python3.13/site-packages/sklearn/metrics/_classification.py:2524: UserWarning: y_pred contains classes not in y_true
  warnings.warn("y_pred contains classes not in y_true")
/home/triniborrell/miniforge3_ppc64le/envs/pytorch_ppc64le/lib/python3.13/site-packages/sklearn/metrics/_classification.py:2524: UserWarning: y_pred contains classes not in y_true
  warnings.warn("y_pred contains classes not in y_true")
/home/triniborrell/miniforge3_ppc64le/envs/pytorch_ppc64le/lib/python3.13/site-packages/sklearn/metrics/_classification.py:2524: UserWarning: y_pred contains classes not in y_true
  warnings.warn("y_pred contains classes not in y_true")
/home/triniborrell/miniforge3_ppc64le/envs/pytorch_ppc64le/lib/python3.13/site-packages/sklearn/metrics/_classification.py:2524: UserWarning: y_pred contains classes not in y_true
  warnings.warn("y_pred contains classes not in y_true")
/home/triniborrell/miniforge3_ppc64le/envs/pytorch_ppc64le/lib/python3.13/site-packages/sklearn/metrics/_classification.py:2524: UserWarning: y_pred contains classes not in y_true
  warnings.warn("y_pred contains classes not in y_true")
/home/triniborrell/miniforge3_ppc64le/envs/pytorch_ppc64le/lib/python3.13/site-packages/sklearn/metrics/_classification.py:2524: UserWarning: y_pred contains classes not in y_true
  warnings.warn("y_pred contains classes not in y_true")
/home/triniborrell/miniforge3_ppc64le/envs/pytorch_ppc64le/lib/python3.13/site-packages/sklearn/metrics/_classification.py:2524: UserWarning: y_pred contains classes not in y_true
  warnings.warn("y_pred contains classes not in y_true")
/home/triniborrell/miniforge3_ppc64le/envs/pytorch_ppc64le/lib/python3.13/site-packages/sklearn/metrics/_classification.py:2524: UserWarning: y_pred contains classes not in y_true
  warnings.warn("y_pred contains classes not in y_true")
/home/triniborrell/miniforge3_ppc64le/envs/pytorch_ppc64le/lib/python3.13/site-packages/sklearn/metrics/_classification.py:2524: UserWarning: y_pred contains classes not in y_true
  warnings.warn("y_pred contains classes not in y_true")
/home/triniborrell/miniforge3_ppc64le/envs/pytorch_ppc64le/lib/python3.13/site-packages/sklearn/metrics/_classification.py:2524: UserWarning: y_pred contains classes not in y_true
  warnings.warn("y_pred contains classes not in y_true")
/home/triniborrell/miniforge3_ppc64le/envs/pytorch_ppc64le/lib/python3.13/site-packages/sklearn/metrics/_classification.py:2524: UserWarning: y_pred contains classes not in y_true
  warnings.warn("y_pred contains classes not in y_true")
/home/triniborrell/miniforge3_ppc64le/envs/pytorch_ppc64le/lib/python3.13/site-packages/sklearn/metrics/_classification.py:2524: UserWarning: y_pred contains classes not in y_true
  warnings.warn("y_pred contains classes not in y_true")
/home/triniborrell/miniforge3_ppc64le/envs/pytorch_ppc64le/lib/python3.13/site-packages/sklearn/metrics/_classification.py:2524: UserWarning: y_pred contains classes not in y_true
  warnings.warn("y_pred contains classes not in y_true")
/home/triniborrell/miniforge3_ppc64le/envs/pytorch_ppc64le/lib/python3.13/site-packages/sklearn/metrics/_classification.py:2524: UserWarning: y_pred contains classes not in y_true
  warnings.warn("y_pred contains classes not in y_true")
/home/triniborrell/miniforge3_ppc64le/envs/pytorch_ppc64le/lib/python3.13/site-packages/sklearn/metrics/_classification.py:2524: UserWarning: y_pred contains classes not in y_true
  warnings.warn("y_pred contains classes not in y_true")
/home/triniborrell/miniforge3_ppc64le/envs/pytorch_ppc64le/lib/python3.13/site-packages/sklearn/metrics/_classification.py:2524: UserWarning: y_pred contains classes not in y_true
  warnings.warn("y_pred contains classes not in y_true")
/home/triniborrell/miniforge3_ppc64le/envs/pytorch_ppc64le/lib/python3.13/site-packages/sklearn/metrics/_classification.py:2524: UserWarning: y_pred contains classes not in y_true
  warnings.warn("y_pred contains classes not in y_true")
/home/triniborrell/miniforge3_ppc64le/envs/pytorch_ppc64le/lib/python3.13/site-packages/sklearn/metrics/_ranking.py:379: UndefinedMetricWarning: Only one class is present in y_true. ROC AUC score is not defined in that case.
  warnings.warn(
/home/triniborrell/miniforge3_ppc64le/envs/pytorch_ppc64le/lib/python3.13/site-packages/sklearn/metrics/_classification.py:407: UserWarning: A single label was found in 'y_true' and 'y_pred'. For the confusion matrix to have the correct shape, use the 'labels' parameter to pass all known labels.
  warnings.warn(
/home/triniborrell/miniforge3_ppc64le/envs/pytorch_ppc64le/lib/python3.13/site-packages/sklearn/metrics/_classification.py:2524: UserWarning: y_pred contains classes not in y_true
  warnings.warn("y_pred contains classes not in y_true")
/home/triniborrell/miniforge3_ppc64le/envs/pytorch_ppc64le/lib/python3.13/site-packages/sklearn/metrics/_classification.py:2524: UserWarning: y_pred contains classes not in y_true
  warnings.warn("y_pred contains classes not in y_true")
/home/triniborrell/miniforge3_ppc64le/envs/pytorch_ppc64le/lib/python3.13/site-packages/sklearn/metrics/_classification.py:2524: UserWarning: y_pred contains classes not in y_true
  warnings.warn("y_pred contains classes not in y_true")
/home/triniborrell/miniforge3_ppc64le/envs/pytorch_ppc64le/lib/python3.13/site-packages/sklearn/metrics/_classification.py:2524: UserWarning: y_pred contains classes not in y_true
  warnings.warn("y_pred contains classes not in y_true")
/home/triniborrell/miniforge3_ppc64le/envs/pytorch_ppc64le/lib/python3.13/site-packages/sklearn/metrics/_classification.py:2524: UserWarning: y_pred contains classes not in y_true
  warnings.warn("y_pred contains classes not in y_true")
/home/triniborrell/miniforge3_ppc64le/envs/pytorch_ppc64le/lib/python3.13/site-packages/sklearn/metrics/_ranking.py:379: UndefinedMetricWarning: Only one class is present in y_true. ROC AUC score is not defined in that case.
  warnings.warn(
/home/triniborrell/miniforge3_ppc64le/envs/pytorch_ppc64le/lib/python3.13/site-packages/sklearn/metrics/_classification.py:2524: UserWarning: y_pred contains classes not in y_true
  warnings.warn("y_pred contains classes not in y_true")
/home/triniborrell/miniforge3_ppc64le/envs/pytorch_ppc64le/lib/python3.13/site-packages/sklearn/metrics/_ranking.py:379: UndefinedMetricWarning: Only one class is present in y_true. ROC AUC score is not defined in that case.
  warnings.warn(
/home/triniborrell/miniforge3_ppc64le/envs/pytorch_ppc64le/lib/python3.13/site-packages/sklearn/metrics/_classification.py:2524: UserWarning: y_pred contains classes not in y_true
  warnings.warn("y_pred contains classes not in y_true")
/home/triniborrell/miniforge3_ppc64le/envs/pytorch_ppc64le/lib/python3.13/site-packages/sklearn/metrics/_classification.py:2524: UserWarning: y_pred contains classes not in y_true
  warnings.warn("y_pred contains classes not in y_true")
/home/triniborrell/miniforge3_ppc64le/envs/pytorch_ppc64le/lib/python3.13/site-packages/sklearn/metrics/_ranking.py:379: UndefinedMetricWarning: Only one class is present in y_true. ROC AUC score is not defined in that case.
  warnings.warn(
/home/triniborrell/miniforge3_ppc64le/envs/pytorch_ppc64le/lib/python3.13/site-packages/sklearn/metrics/_classification.py:2524: UserWarning: y_pred contains classes not in y_true
  warnings.warn("y_pred contains classes not in y_true")
/home/triniborrell/miniforge3_ppc64le/envs/pytorch_ppc64le/lib/python3.13/site-packages/sklearn/metrics/_classification.py:2524: UserWarning: y_pred contains classes not in y_true
  warnings.warn("y_pred contains classes not in y_true")
/home/triniborrell/miniforge3_ppc64le/envs/pytorch_ppc64le/lib/python3.13/site-packages/sklearn/metrics/_classification.py:2524: UserWarning: y_pred contains classes not in y_true
  warnings.warn("y_pred contains classes not in y_true")
/home/triniborrell/miniforge3_ppc64le/envs/pytorch_ppc64le/lib/python3.13/site-packages/sklearn/metrics/_classification.py:2524: UserWarning: y_pred contains classes not in y_true
  warnings.warn("y_pred contains classes not in y_true")
/home/triniborrell/miniforge3_ppc64le/envs/pytorch_ppc64le/lib/python3.13/site-packages/sklearn/metrics/_classification.py:2524: UserWarning: y_pred contains classes not in y_true
  warnings.warn("y_pred contains classes not in y_true")
/home/triniborrell/miniforge3_ppc64le/envs/pytorch_ppc64le/lib/python3.13/site-packages/sklearn/metrics/_classification.py:2524: UserWarning: y_pred contains classes not in y_true
  warnings.warn("y_pred contains classes not in y_true")
/home/triniborrell/miniforge3_ppc64le/envs/pytorch_ppc64le/lib/python3.13/site-packages/sklearn/metrics/_ranking.py:379: UndefinedMetricWarning: Only one class is present in y_true. ROC AUC score is not defined in that case.
  warnings.warn(
/home/triniborrell/miniforge3_ppc64le/envs/pytorch_ppc64le/lib/python3.13/site-packages/sklearn/metrics/_classification.py:2524: UserWarning: y_pred contains classes not in y_true
  warnings.warn("y_pred contains classes not in y_true")
/home/triniborrell/miniforge3_ppc64le/envs/pytorch_ppc64le/lib/python3.13/site-packages/sklearn/metrics/_classification.py:2524: UserWarning: y_pred contains classes not in y_true
  warnings.warn("y_pred contains classes not in y_true")
/home/triniborrell/miniforge3_ppc64le/envs/pytorch_ppc64le/lib/python3.13/site-packages/sklearn/metrics/_classification.py:2524: UserWarning: y_pred contains classes not in y_true
  warnings.warn("y_pred contains classes not in y_true")
/home/triniborrell/miniforge3_ppc64le/envs/pytorch_ppc64le/lib/python3.13/site-packages/sklearn/metrics/_classification.py:407: UserWarning: A single label was found in 'y_true' and 'y_pred'. For the confusion matrix to have the correct shape, use the 'labels' parameter to pass all known labels.
  warnings.warn(
/home/triniborrell/miniforge3_ppc64le/envs/pytorch_ppc64le/lib/python3.13/site-packages/sklearn/metrics/_classification.py:407: UserWarning: A single label was found in 'y_true' and 'y_pred'. For the confusion matrix to have the correct shape, use the 'labels' parameter to pass all known labels.
  warnings.warn(
/home/triniborrell/miniforge3_ppc64le/envs/pytorch_ppc64le/lib/python3.13/site-packages/sklearn/metrics/_classification.py:2524: UserWarning: y_pred contains classes not in y_true
  warnings.warn("y_pred contains classes not in y_true")
/home/triniborrell/miniforge3_ppc64le/envs/pytorch_ppc64le/lib/python3.13/site-packages/sklearn/metrics/_classification.py:2524: UserWarning: y_pred contains classes not in y_true
  warnings.warn("y_pred contains classes not in y_true")
/home/triniborrell/miniforge3_ppc64le/envs/pytorch_ppc64le/lib/python3.13/site-packages/sklearn/metrics/_classification.py:2524: UserWarning: y_pred contains classes not in y_true
  warnings.warn("y_pred contains classes not in y_true")
/home/triniborrell/miniforge3_ppc64le/envs/pytorch_ppc64le/lib/python3.13/site-packages/sklearn/metrics/_classification.py:407: UserWarning: A single label was found in 'y_true' and 'y_pred'. For the confusion matrix to have the correct shape, use the 'labels' parameter to pass all known labels.
  warnings.warn(
/home/triniborrell/miniforge3_ppc64le/envs/pytorch_ppc64le/lib/python3.13/site-packages/sklearn/metrics/_classification.py:2524: UserWarning: y_pred contains classes not in y_true
  warnings.warn("y_pred contains classes not in y_true")
/home/triniborrell/miniforge3_ppc64le/envs/pytorch_ppc64le/lib/python3.13/site-packages/sklearn/metrics/_classification.py:2524: UserWarning: y_pred contains classes not in y_true
  warnings.warn("y_pred contains classes not in y_true")
/home/triniborrell/miniforge3_ppc64le/envs/pytorch_ppc64le/lib/python3.13/site-packages/sklearn/metrics/_classification.py:2524: UserWarning: y_pred contains classes not in y_true
  warnings.warn("y_pred contains classes not in y_true")
/home/triniborrell/miniforge3_ppc64le/envs/pytorch_ppc64le/lib/python3.13/site-packages/sklearn/metrics/_classification.py:2524: UserWarning: y_pred contains classes not in y_true
  warnings.warn("y_pred contains classes not in y_true")
/home/triniborrell/miniforge3_ppc64le/envs/pytorch_ppc64le/lib/python3.13/site-packages/sklearn/metrics/_classification.py:407: UserWarning: A single label was found in 'y_true' and 'y_pred'. For the confusion matrix to have the correct shape, use the 'labels' parameter to pass all known labels.
  warnings.warn(
/home/triniborrell/miniforge3_ppc64le/envs/pytorch_ppc64le/lib/python3.13/site-packages/sklearn/metrics/_classification.py:2524: UserWarning: y_pred contains classes not in y_true
  warnings.warn("y_pred contains classes not in y_true")
/home/triniborrell/miniforge3_ppc64le/envs/pytorch_ppc64le/lib/python3.13/site-packages/sklearn/metrics/_classification.py:2524: UserWarning: y_pred contains classes not in y_true
  warnings.warn("y_pred contains classes not in y_true")
/home/triniborrell/miniforge3_ppc64le/envs/pytorch_ppc64le/lib/python3.13/site-packages/sklearn/metrics/_classification.py:2524: UserWarning: y_pred contains classes not in y_true
  warnings.warn("y_pred contains classes not in y_true")
/home/triniborrell/miniforge3_ppc64le/envs/pytorch_ppc64le/lib/python3.13/site-packages/sklearn/metrics/_classification.py:2524: UserWarning: y_pred contains classes not in y_true
  warnings.warn("y_pred contains classes not in y_true")
/home/triniborrell/miniforge3_ppc64le/envs/pytorch_ppc64le/lib/python3.13/site-packages/sklearn/metrics/_classification.py:2524: UserWarning: y_pred contains classes not in y_true
  warnings.warn("y_pred contains classes not in y_true")
/home/triniborrell/miniforge3_ppc64le/envs/pytorch_ppc64le/lib/python3.13/site-packages/sklearn/metrics/_classification.py:407: UserWarning: A single label was found in 'y_true' and 'y_pred'. For the confusion matrix to have the correct shape, use the 'labels' parameter to pass all known labels.
  warnings.warn(
/home/triniborrell/miniforge3_ppc64le/envs/pytorch_ppc64le/lib/python3.13/site-packages/sklearn/metrics/_classification.py:407: UserWarning: A single label was found in 'y_true' and 'y_pred'. For the confusion matrix to have the correct shape, use the 'labels' parameter to pass all known labels.
  warnings.warn(
/home/triniborrell/miniforge3_ppc64le/envs/pytorch_ppc64le/lib/python3.13/site-packages/sklearn/metrics/_classification.py:2524: UserWarning: y_pred contains classes not in y_true
  warnings.warn("y_pred contains classes not in y_true")
/home/triniborrell/miniforge3_ppc64le/envs/pytorch_ppc64le/lib/python3.13/site-packages/sklearn/metrics/_classification.py:2524: UserWarning: y_pred contains classes not in y_true
  warnings.warn("y_pred contains classes not in y_true")
/home/triniborrell/miniforge3_ppc64le/envs/pytorch_ppc64le/lib/python3.13/site-packages/sklearn/metrics/_classification.py:2524: UserWarning: y_pred contains classes not in y_true
  warnings.warn("y_pred contains classes not in y_true")
/home/triniborrell/miniforge3_ppc64le/envs/pytorch_ppc64le/lib/python3.13/site-packages/sklearn/metrics/_classification.py:407: UserWarning: A single label was found in 'y_true' and 'y_pred'. For the confusion matrix to have the correct shape, use the 'labels' parameter to pass all known labels.
  warnings.warn(
/home/triniborrell/miniforge3_ppc64le/envs/pytorch_ppc64le/lib/python3.13/site-packages/sklearn/metrics/_classification.py:2524: UserWarning: y_pred contains classes not in y_true
  warnings.warn("y_pred contains classes not in y_true")
/home/triniborrell/miniforge3_ppc64le/envs/pytorch_ppc64le/lib/python3.13/site-packages/sklearn/metrics/_classification.py:2524: UserWarning: y_pred contains classes not in y_true
  warnings.warn("y_pred contains classes not in y_true")
/home/triniborrell/miniforge3_ppc64le/envs/pytorch_ppc64le/lib/python3.13/site-packages/sklearn/metrics/_classification.py:2524: UserWarning: y_pred contains classes not in y_true
  warnings.warn("y_pred contains classes not in y_true")
/home/triniborrell/miniforge3_ppc64le/envs/pytorch_ppc64le/lib/python3.13/site-packages/sklearn/metrics/_classification.py:2524: UserWarning: y_pred contains classes not in y_true
  warnings.warn("y_pred contains classes not in y_true")
/home/triniborrell/miniforge3_ppc64le/envs/pytorch_ppc64le/lib/python3.13/site-packages/sklearn/metrics/_classification.py:2524: UserWarning: y_pred contains classes not in y_true
  warnings.warn("y_pred contains classes not in y_true")
/home/triniborrell/miniforge3_ppc64le/envs/pytorch_ppc64le/lib/python3.13/site-packages/sklearn/metrics/_classification.py:407: UserWarning: A single label was found in 'y_true' and 'y_pred'. For the confusion matrix to have the correct shape, use the 'labels' parameter to pass all known labels.
  warnings.warn(
/home/triniborrell/miniforge3_ppc64le/envs/pytorch_ppc64le/lib/python3.13/site-packages/sklearn/metrics/_classification.py:2524: UserWarning: y_pred contains classes not in y_true
  warnings.warn("y_pred contains classes not in y_true")
/home/triniborrell/miniforge3_ppc64le/envs/pytorch_ppc64le/lib/python3.13/site-packages/sklearn/metrics/_classification.py:2524: UserWarning: y_pred contains classes not in y_true
  warnings.warn("y_pred contains classes not in y_true")
/home/triniborrell/miniforge3_ppc64le/envs/pytorch_ppc64le/lib/python3.13/site-packages/sklearn/metrics/_classification.py:2524: UserWarning: y_pred contains classes not in y_true
  warnings.warn("y_pred contains classes not in y_true")
/home/triniborrell/miniforge3_ppc64le/envs/pytorch_ppc64le/lib/python3.13/site-packages/sklearn/metrics/_classification.py:2524: UserWarning: y_pred contains classes not in y_true
  warnings.warn("y_pred contains classes not in y_true")
/home/triniborrell/miniforge3_ppc64le/envs/pytorch_ppc64le/lib/python3.13/site-packages/sklearn/metrics/_classification.py:2524: UserWarning: y_pred contains classes not in y_true
  warnings.warn("y_pred contains classes not in y_true")
/home/triniborrell/miniforge3_ppc64le/envs/pytorch_ppc64le/lib/python3.13/site-packages/sklearn/metrics/_classification.py:2524: UserWarning: y_pred contains classes not in y_true
  warnings.warn("y_pred contains classes not in y_true")
/home/triniborrell/miniforge3_ppc64le/envs/pytorch_ppc64le/lib/python3.13/site-packages/sklearn/metrics/_classification.py:407: UserWarning: A single label was found in 'y_true' and 'y_pred'. For the confusion matrix to have the correct shape, use the 'labels' parameter to pass all known labels.
  warnings.warn(
/home/triniborrell/miniforge3_ppc64le/envs/pytorch_ppc64le/lib/python3.13/site-packages/sklearn/metrics/_classification.py:407: UserWarning: A single label was found in 'y_true' and 'y_pred'. For the confusion matrix to have the correct shape, use the 'labels' parameter to pass all known labels.
  warnings.warn(
/home/triniborrell/miniforge3_ppc64le/envs/pytorch_ppc64le/lib/python3.13/site-packages/sklearn/metrics/_classification.py:2524: UserWarning: y_pred contains classes not in y_true
  warnings.warn("y_pred contains classes not in y_true")
/home/triniborrell/miniforge3_ppc64le/envs/pytorch_ppc64le/lib/python3.13/site-packages/sklearn/metrics/_classification.py:2524: UserWarning: y_pred contains classes not in y_true
  warnings.warn("y_pred contains classes not in y_true")
/home/triniborrell/miniforge3_ppc64le/envs/pytorch_ppc64le/lib/python3.13/site-packages/sklearn/metrics/_classification.py:2524: UserWarning: y_pred contains classes not in y_true
  warnings.warn("y_pred contains classes not in y_true")
/home/triniborrell/miniforge3_ppc64le/envs/pytorch_ppc64le/lib/python3.13/site-packages/sklearn/metrics/_classification.py:2524: UserWarning: y_pred contains classes not in y_true
  warnings.warn("y_pred contains classes not in y_true")
/home/triniborrell/miniforge3_ppc64le/envs/pytorch_ppc64le/lib/python3.13/site-packages/sklearn/metrics/_classification.py:407: UserWarning: A single label was found in 'y_true' and 'y_pred'. For the confusion matrix to have the correct shape, use the 'labels' parameter to pass all known labels.
  warnings.warn(
/home/triniborrell/miniforge3_ppc64le/envs/pytorch_ppc64le/lib/python3.13/site-packages/sklearn/metrics/_classification.py:2524: UserWarning: y_pred contains classes not in y_true
  warnings.warn("y_pred contains classes not in y_true")
/home/triniborrell/miniforge3_ppc64le/envs/pytorch_ppc64le/lib/python3.13/site-packages/sklearn/metrics/_classification.py:2524: UserWarning: y_pred contains classes not in y_true
  warnings.warn("y_pred contains classes not in y_true")
/home/triniborrell/miniforge3_ppc64le/envs/pytorch_ppc64le/lib/python3.13/site-packages/sklearn/metrics/_classification.py:2524: UserWarning: y_pred contains classes not in y_true
  warnings.warn("y_pred contains classes not in y_true")
/home/triniborrell/miniforge3_ppc64le/envs/pytorch_ppc64le/lib/python3.13/site-packages/sklearn/metrics/_classification.py:2524: UserWarning: y_pred contains classes not in y_true
  warnings.warn("y_pred contains classes not in y_true")
/home/triniborrell/miniforge3_ppc64le/envs/pytorch_ppc64le/lib/python3.13/site-packages/sklearn/metrics/_ranking.py:379: UndefinedMetricWarning: Only one class is present in y_true. ROC AUC score is not defined in that case.
  warnings.warn(
/home/triniborrell/miniforge3_ppc64le/envs/pytorch_ppc64le/lib/python3.13/site-packages/sklearn/metrics/_classification.py:2524: UserWarning: y_pred contains classes not in y_true
  warnings.warn("y_pred contains classes not in y_true")
/home/triniborrell/miniforge3_ppc64le/envs/pytorch_ppc64le/lib/python3.13/site-packages/sklearn/metrics/_classification.py:2524: UserWarning: y_pred contains classes not in y_true
  warnings.warn("y_pred contains classes not in y_true")
/home/triniborrell/miniforge3_ppc64le/envs/pytorch_ppc64le/lib/python3.13/site-packages/sklearn/metrics/_classification.py:407: UserWarning: A single label was found in 'y_true' and 'y_pred'. For the confusion matrix to have the correct shape, use the 'labels' parameter to pass all known labels.
  warnings.warn(
/home/triniborrell/miniforge3_ppc64le/envs/pytorch_ppc64le/lib/python3.13/site-packages/sklearn/metrics/_classification.py:2524: UserWarning: y_pred contains classes not in y_true
  warnings.warn("y_pred contains classes not in y_true")
/home/triniborrell/miniforge3_ppc64le/envs/pytorch_ppc64le/lib/python3.13/site-packages/sklearn/metrics/_classification.py:2524: UserWarning: y_pred contains classes not in y_true
  warnings.warn("y_pred contains classes not in y_true")
/home/triniborrell/miniforge3_ppc64le/envs/pytorch_ppc64le/lib/python3.13/site-packages/sklearn/metrics/_classification.py:2524: UserWarning: y_pred contains classes not in y_true
  warnings.warn("y_pred contains classes not in y_true")
/home/triniborrell/miniforge3_ppc64le/envs/pytorch_ppc64le/lib/python3.13/site-packages/sklearn/metrics/_classification.py:2524: UserWarning: y_pred contains classes not in y_true
  warnings.warn("y_pred contains classes not in y_true")
/home/triniborrell/miniforge3_ppc64le/envs/pytorch_ppc64le/lib/python3.13/site-packages/sklearn/metrics/_classification.py:2524: UserWarning: y_pred contains classes not in y_true
  warnings.warn("y_pred contains classes not in y_true")
/home/triniborrell/miniforge3_ppc64le/envs/pytorch_ppc64le/lib/python3.13/site-packages/sklearn/metrics/_ranking.py:379: UndefinedMetricWarning: Only one class is present in y_true. ROC AUC score is not defined in that case.
  warnings.warn(
/home/triniborrell/miniforge3_ppc64le/envs/pytorch_ppc64le/lib/python3.13/site-packages/sklearn/metrics/_classification.py:2524: UserWarning: y_pred contains classes not in y_true
  warnings.warn("y_pred contains classes not in y_true")
/home/triniborrell/miniforge3_ppc64le/envs/pytorch_ppc64le/lib/python3.13/site-packages/sklearn/metrics/_classification.py:2524: UserWarning: y_pred contains classes not in y_true
  warnings.warn("y_pred contains classes not in y_true")
/home/triniborrell/miniforge3_ppc64le/envs/pytorch_ppc64le/lib/python3.13/site-packages/sklearn/metrics/_ranking.py:379: UndefinedMetricWarning: Only one class is present in y_true. ROC AUC score is not defined in that case.
  warnings.warn(
/home/triniborrell/miniforge3_ppc64le/envs/pytorch_ppc64le/lib/python3.13/site-packages/sklearn/metrics/_classification.py:2524: UserWarning: y_pred contains classes not in y_true
  warnings.warn("y_pred contains classes not in y_true")
/home/triniborrell/miniforge3_ppc64le/envs/pytorch_ppc64le/lib/python3.13/site-packages/sklearn/metrics/_ranking.py:379: UndefinedMetricWarning: Only one class is present in y_true. ROC AUC score is not defined in that case.
  warnings.warn(
/home/triniborrell/miniforge3_ppc64le/envs/pytorch_ppc64le/lib/python3.13/site-packages/sklearn/metrics/_classification.py:2524: UserWarning: y_pred contains classes not in y_true
  warnings.warn("y_pred contains classes not in y_true")
/home/triniborrell/miniforge3_ppc64le/envs/pytorch_ppc64le/lib/python3.13/site-packages/sklearn/metrics/_classification.py:2524: UserWarning: y_pred contains classes not in y_true
  warnings.warn("y_pred contains classes not in y_true")
/home/triniborrell/miniforge3_ppc64le/envs/pytorch_ppc64le/lib/python3.13/site-packages/sklearn/metrics/_classification.py:2524: UserWarning: y_pred contains classes not in y_true
  warnings.warn("y_pred contains classes not in y_true")
/home/triniborrell/miniforge3_ppc64le/envs/pytorch_ppc64le/lib/python3.13/site-packages/sklearn/metrics/_classification.py:2524: UserWarning: y_pred contains classes not in y_true
  warnings.warn("y_pred contains classes not in y_true")
/home/triniborrell/miniforge3_ppc64le/envs/pytorch_ppc64le/lib/python3.13/site-packages/sklearn/metrics/_classification.py:2524: UserWarning: y_pred contains classes not in y_true
  warnings.warn("y_pred contains classes not in y_true")
/home/triniborrell/miniforge3_ppc64le/envs/pytorch_ppc64le/lib/python3.13/site-packages/sklearn/metrics/_classification.py:2524: UserWarning: y_pred contains classes not in y_true
  warnings.warn("y_pred contains classes not in y_true")
/home/triniborrell/miniforge3_ppc64le/envs/pytorch_ppc64le/lib/python3.13/site-packages/sklearn/metrics/_ranking.py:379: UndefinedMetricWarning: Only one class is present in y_true. ROC AUC score is not defined in that case.
  warnings.warn(
/home/triniborrell/miniforge3_ppc64le/envs/pytorch_ppc64le/lib/python3.13/site-packages/sklearn/metrics/_classification.py:2524: UserWarning: y_pred contains classes not in y_true
  warnings.warn("y_pred contains classes not in y_true")
[11:54:28] [Domain_Knowledge] random_forest | sessions=20 DONE in 1171.8s (bal_acc=0.617, auc=nan)
[11:54:28] [Domain_Knowledge] budget=25: sessions=25, features=36, subjects=25
[11:54:28] [Domain_Knowledge] svm | sessions=25
[11:54:33] [Domain_Knowledge] svm | sessions=25 DONE in 5.4s (bal_acc=0.700, auc=0.367)
[11:54:33] [Domain_Knowledge] mlp | sessions=25
[11:55:02] [TOTEM] random_forest | sessions=20 DONE in 1191.7s (bal_acc=0.333, auc=nan)
[11:55:02] [TOTEM] budget=25: sessions=25, features=64, subjects=25
[11:55:02] [TOTEM] svm | sessions=25
[11:55:06] [TOTEM] svm | sessions=25 DONE in 3.9s (bal_acc=0.642, auc=0.333)
[11:55:06] [TOTEM] mlp | sessions=25
[11:55:12] [LaBram] random_forest | sessions=20 DONE in 1198.2s (bal_acc=0.517, auc=nan)
[11:55:12] [LaBram] budget=25: sessions=25, features=200, subjects=25
[11:55:12] [LaBram] svm | sessions=25
[11:55:14] [CBraMod] random_forest | sessions=20 DONE in 1198.9s (bal_acc=0.450, auc=nan)
[11:55:14] [CBraMod] budget=25: sessions=25, features=200, subjects=25
[11:55:14] [CBraMod] svm | sessions=25
[11:55:18] [LaBram] svm | sessions=25 DONE in 5.8s (bal_acc=0.642, auc=0.267)
[11:55:18] [LaBram] mlp | sessions=25
[11:55:19] [CBraMod] svm | sessions=25 DONE in 5.1s (bal_acc=0.533, auc=0.600)
[11:55:19] [CBraMod] mlp | sessions=25
[11:55:44] [NeuroLM] random_forest | sessions=20 DONE in 1134.4s (bal_acc=0.467, auc=nan)
[11:55:44] [NeuroLM] budget=25: sessions=25, features=1024, subjects=25
[11:55:44] [NeuroLM] svm | sessions=25
[11:55:50] [NeuroLM] svm | sessions=25 DONE in 5.8s (bal_acc=0.533, auc=0.317)
[11:55:50] [NeuroLM] mlp | sessions=25
[11:56:10] [Domain_Knowledge] mlp | sessions=25 DONE in 96.6s (bal_acc=0.508, auc=0.400)
[11:56:10] [Domain_Knowledge] kernel_ridge | sessions=25
[11:56:15] [Domain_Knowledge] kernel_ridge | sessions=25 DONE in 5.3s (bal_acc=0.467, auc=0.483)
[11:56:15] [Domain_Knowledge] random_forest | sessions=25
[11:56:18] [TOTEM] mlp | sessions=25 DONE in 71.9s (bal_acc=0.800, auc=0.733)
[11:56:18] [TOTEM] kernel_ridge | sessions=25
[11:56:26] [TOTEM] kernel_ridge | sessions=25 DONE in 8.3s (bal_acc=0.733, auc=0.683)
[11:56:26] [TOTEM] random_forest | sessions=25
[11:56:27] [CBraMod] mlp | sessions=25 DONE in 67.2s (bal_acc=0.450, auc=0.333)
[11:56:27] [CBraMod] kernel_ridge | sessions=25
[11:56:27] [LaBram] mlp | sessions=25 DONE in 69.2s (bal_acc=0.508, auc=0.617)
[11:56:27] [LaBram] kernel_ridge | sessions=25
[11:56:37] [CBraMod] kernel_ridge | sessions=25 DONE in 10.7s (bal_acc=0.592, auc=0.433)
[11:56:37] [CBraMod] random_forest | sessions=25
[11:56:38] [LaBram] kernel_ridge | sessions=25 DONE in 10.6s (bal_acc=0.492, auc=0.750)
[11:56:38] [LaBram] random_forest | sessions=25
[11:57:52] [NeuroLM] mlp | sessions=25 DONE in 121.6s (bal_acc=0.533, auc=0.667)
[11:57:52] [NeuroLM] kernel_ridge | sessions=25
[11:58:42] [NeuroLM] kernel_ridge | sessions=25 DONE in 50.1s (bal_acc=0.542, auc=0.567)
[11:58:42] [NeuroLM] random_forest | sessions=25
[12:15:49] [Domain_Knowledge] random_forest | sessions=25 DONE in 1174.3s (bal_acc=0.517, auc=0.550)
[12:15:49] [Domain_Knowledge] budget=30: sessions=30, features=36, subjects=30
[12:15:49] [Domain_Knowledge] svm | sessions=30
[12:15:55] [Domain_Knowledge] svm | sessions=30 DONE in 5.5s (bal_acc=0.600, auc=0.372)
[12:15:55] [Domain_Knowledge] mlp | sessions=30
[12:16:04] [TOTEM] random_forest | sessions=25 DONE in 1178.2s (bal_acc=0.608, auc=0.850)
[12:16:04] [TOTEM] budget=30: sessions=30, features=64, subjects=30
[12:16:04] [TOTEM] svm | sessions=30
[12:16:09] [TOTEM] svm | sessions=30 DONE in 4.4s (bal_acc=0.500, auc=0.453)
[12:16:09] [TOTEM] mlp | sessions=30
[12:16:13] [CBraMod] random_forest | sessions=25 DONE in 1175.7s (bal_acc=0.558, auc=0.600)
[12:16:13] [CBraMod] budget=30: sessions=30, features=200, subjects=30
[12:16:13] [CBraMod] svm | sessions=30
[12:16:18] [CBraMod] svm | sessions=30 DONE in 5.2s (bal_acc=0.575, auc=0.369)
[12:16:18] [CBraMod] mlp | sessions=30
[12:16:32] [LaBram] random_forest | sessions=25 DONE in 1194.2s (bal_acc=0.592, auc=0.658)
[12:16:32] [LaBram] budget=30: sessions=30, features=200, subjects=30
[12:16:32] [LaBram] svm | sessions=30
[12:16:35] [LaBram] svm | sessions=30 DONE in 3.1s (bal_acc=0.517, auc=0.197)
[12:16:35] [LaBram] mlp | sessions=30
[12:17:05] [NeuroLM] random_forest | sessions=25 DONE in 1103.5s (bal_acc=0.483, auc=0.542)
[12:17:05] [NeuroLM] budget=30: sessions=30, features=1024, subjects=30
[12:17:05] [NeuroLM] svm | sessions=30
[12:17:11] [NeuroLM] svm | sessions=30 DONE in 5.8s (bal_acc=0.583, auc=0.385)
[12:17:11] [NeuroLM] mlp | sessions=30
[12:17:33] [Domain_Knowledge] mlp | sessions=30 DONE in 98.6s (bal_acc=0.558, auc=0.625)
[12:17:33] [Domain_Knowledge] kernel_ridge | sessions=30
[12:17:36] [TOTEM] mlp | sessions=30 DONE in 87.5s (bal_acc=0.558, auc=0.558)
[12:17:36] [TOTEM] kernel_ridge | sessions=30
[12:17:40] [Domain_Knowledge] kernel_ridge | sessions=30 DONE in 6.6s (bal_acc=0.458, auc=0.578)
[12:17:40] [Domain_Knowledge] random_forest | sessions=30
[12:17:44] [TOTEM] kernel_ridge | sessions=30 DONE in 7.8s (bal_acc=0.467, auc=0.567)
[12:17:44] [TOTEM] random_forest | sessions=30
[12:17:45] [CBraMod] mlp | sessions=30 DONE in 87.0s (bal_acc=0.483, auc=0.514)
[12:17:45] [CBraMod] kernel_ridge | sessions=30
[12:17:48] [LaBram] mlp | sessions=30 DONE in 72.4s (bal_acc=0.600, auc=0.731)
[12:17:48] [LaBram] kernel_ridge | sessions=30
[12:17:55] [CBraMod] kernel_ridge | sessions=30 DONE in 10.0s (bal_acc=0.633, auc=0.683)
[12:17:55] [CBraMod] random_forest | sessions=30
[12:17:58] [LaBram] kernel_ridge | sessions=30 DONE in 10.7s (bal_acc=0.567, auc=0.556)
[12:17:58] [LaBram] random_forest | sessions=30
[12:18:51] [NeuroLM] mlp | sessions=30 DONE in 99.6s (bal_acc=0.642, auc=0.778)
[12:18:51] [NeuroLM] kernel_ridge | sessions=30
[12:19:40] [NeuroLM] kernel_ridge | sessions=30 DONE in 49.1s (bal_acc=0.467, auc=0.553)
[12:19:40] [NeuroLM] random_forest | sessions=30
[12:37:22] [Domain_Knowledge] random_forest | sessions=30 DONE in 1181.9s (bal_acc=0.633, auc=0.625)
[12:37:22] [Domain_Knowledge] budget=35: sessions=35, features=36, subjects=34
[12:37:22] [Domain_Knowledge] svm | sessions=35
[12:37:24] [TOTEM] random_forest | sessions=30 DONE in 1180.1s (bal_acc=0.475, auc=0.499)
[12:37:24] [TOTEM] budget=35: sessions=35, features=64, subjects=34
[12:37:24] [TOTEM] svm | sessions=35
[12:37:28] [Domain_Knowledge] svm | sessions=35 DONE in 6.1s (bal_acc=0.525, auc=0.392)
[12:37:28] [Domain_Knowledge] mlp | sessions=35
[12:37:30] [TOTEM] svm | sessions=35 DONE in 5.9s (bal_acc=0.667, auc=0.575)
[12:37:30] [TOTEM] mlp | sessions=35
[12:37:41] [CBraMod] random_forest | sessions=30 DONE in 1186.0s (bal_acc=0.575, auc=0.731)
[12:37:41] [CBraMod] budget=35: sessions=35, features=200, subjects=34
[12:37:41] [CBraMod] svm | sessions=35
[12:37:44] [LaBram] random_forest | sessions=30 DONE in 1185.6s (bal_acc=0.642, auc=0.688)
[12:37:44] [LaBram] budget=35: sessions=35, features=200, subjects=34
[12:37:44] [LaBram] svm | sessions=35
[12:37:48] [CBraMod] svm | sessions=35 DONE in 6.6s (bal_acc=0.437, auc=0.340)
[12:37:48] [CBraMod] mlp | sessions=35
[12:37:50] [LaBram] svm | sessions=35 DONE in 6.2s (bal_acc=0.255, auc=0.888)
[12:37:50] [LaBram] mlp | sessions=35
[12:38:19] [NeuroLM] random_forest | sessions=30 DONE in 1118.7s (bal_acc=0.642, auc=0.653)
[12:38:19] [NeuroLM] budget=35: sessions=35, features=1024, subjects=34
[12:38:19] [NeuroLM] svm | sessions=35
[12:38:25] [NeuroLM] svm | sessions=35 DONE in 6.0s (bal_acc=0.498, auc=0.690)
[12:38:25] [NeuroLM] mlp | sessions=35
[12:38:48] [Domain_Knowledge] mlp | sessions=35 DONE in 79.9s (bal_acc=0.490, auc=0.423)
[12:38:48] [Domain_Knowledge] kernel_ridge | sessions=35
[12:38:52] [TOTEM] mlp | sessions=35 DONE in 82.0s (bal_acc=0.598, auc=0.425)
[12:38:52] [TOTEM] kernel_ridge | sessions=35
[12:38:54] [Domain_Knowledge] kernel_ridge | sessions=35 DONE in 6.0s (bal_acc=0.568, auc=0.605)
[12:38:54] [Domain_Knowledge] random_forest | sessions=35
[12:38:59] [TOTEM] kernel_ridge | sessions=35 DONE in 7.2s (bal_acc=0.560, auc=0.639)
[12:38:59] [TOTEM] random_forest | sessions=35
[12:39:02] [LaBram] mlp | sessions=35 DONE in 71.6s (bal_acc=0.358, auc=0.235)
[12:39:02] [LaBram] kernel_ridge | sessions=35
[12:39:03] [CBraMod] mlp | sessions=35 DONE in 75.2s (bal_acc=0.538, auc=0.487)
[12:39:03] [CBraMod] kernel_ridge | sessions=35
[12:39:12] [LaBram] kernel_ridge | sessions=35 DONE in 9.8s (bal_acc=0.347, auc=0.240)
[12:39:12] [LaBram] random_forest | sessions=35
[12:39:13] [CBraMod] kernel_ridge | sessions=35 DONE in 10.1s (bal_acc=0.372, auc=0.418)
[12:39:13] [CBraMod] random_forest | sessions=35
[12:40:31] [NeuroLM] mlp | sessions=35 DONE in 126.4s (bal_acc=0.480, auc=0.463)
[12:40:31] [NeuroLM] kernel_ridge | sessions=35
[12:41:20] [NeuroLM] kernel_ridge | sessions=35 DONE in 49.3s (bal_acc=0.538, auc=0.540)
[12:41:20] [NeuroLM] random_forest | sessions=35
[12:58:15] [Domain_Knowledge] random_forest | sessions=35 DONE in 1161.5s (bal_acc=0.523, auc=0.513)
[12:58:15] [Domain_Knowledge] budget=40: sessions=40, features=36, subjects=39
[12:58:15] [Domain_Knowledge] svm | sessions=40
[12:58:19] [TOTEM] random_forest | sessions=35 DONE in 1160.1s (bal_acc=0.608, auc=0.587)
[12:58:19] [TOTEM] budget=40: sessions=40, features=64, subjects=39
[12:58:19] [TOTEM] svm | sessions=40
[12:58:21] [Domain_Knowledge] svm | sessions=40 DONE in 5.8s (bal_acc=0.557, auc=0.370)
[12:58:21] [Domain_Knowledge] mlp | sessions=40
[12:58:25] [TOTEM] svm | sessions=40 DONE in 5.9s (bal_acc=0.475, auc=0.537)
[12:58:25] [TOTEM] mlp | sessions=40
[12:58:48] [LaBram] random_forest | sessions=35 DONE in 1175.9s (bal_acc=0.328, auc=0.267)
[12:58:48] [LaBram] budget=40: sessions=40, features=200, subjects=39
[12:58:48] [LaBram] svm | sessions=40
[12:58:55] [LaBram] svm | sessions=40 DONE in 7.0s (bal_acc=0.557, auc=0.681)
[12:58:55] [LaBram] mlp | sessions=40
[12:59:00] [CBraMod] random_forest | sessions=35 DONE in 1187.1s (bal_acc=0.488, auc=0.620)
[12:59:00] [CBraMod] budget=40: sessions=40, features=200, subjects=39
[12:59:00] [CBraMod] svm | sessions=40
[12:59:06] [CBraMod] svm | sessions=40 DONE in 5.5s (bal_acc=0.615, auc=0.699)
[12:59:06] [CBraMod] mlp | sessions=40
[12:59:45] [NeuroLM] random_forest | sessions=35 DONE in 1104.2s (bal_acc=0.335, auc=0.357)
[12:59:45] [NeuroLM] budget=40: sessions=40, features=1024, subjects=39
[12:59:45] [NeuroLM] svm | sessions=40
[12:59:51] [NeuroLM] svm | sessions=40 DONE in 6.5s (bal_acc=0.612, auc=0.608)
[12:59:51] [NeuroLM] mlp | sessions=40
[13:00:01] [TOTEM] mlp | sessions=40 DONE in 95.7s (bal_acc=0.507, auc=0.488)
[13:00:01] [TOTEM] kernel_ridge | sessions=40
[13:00:03] [Domain_Knowledge] mlp | sessions=40 DONE in 101.5s (bal_acc=0.608, auc=0.707)
[13:00:03] [Domain_Knowledge] kernel_ridge | sessions=40
[13:00:10] [TOTEM] kernel_ridge | sessions=40 DONE in 9.2s (bal_acc=0.468, auc=0.460)
[13:00:10] [TOTEM] random_forest | sessions=40
[13:00:11] [Domain_Knowledge] kernel_ridge | sessions=40 DONE in 8.8s (bal_acc=0.582, auc=0.708)
[13:00:11] [Domain_Knowledge] random_forest | sessions=40
[13:00:22] [LaBram] mlp | sessions=40 DONE in 87.8s (bal_acc=0.542, auc=0.633)
[13:00:22] [LaBram] kernel_ridge | sessions=40
[13:00:28] [CBraMod] mlp | sessions=40 DONE in 82.5s (bal_acc=0.483, auc=0.637)
[13:00:28] [CBraMod] kernel_ridge | sessions=40
[13:00:32] [LaBram] kernel_ridge | sessions=40 DONE in 9.9s (bal_acc=0.637, auc=0.728)
[13:00:32] [LaBram] random_forest | sessions=40
[13:00:39] [CBraMod] kernel_ridge | sessions=40 DONE in 10.6s (bal_acc=0.562, auc=0.660)
[13:00:39] [CBraMod] random_forest | sessions=40
[13:01:27] [NeuroLM] mlp | sessions=40 DONE in 95.5s (bal_acc=0.620, auc=0.685)
[13:01:27] [NeuroLM] kernel_ridge | sessions=40
[13:01:46] [NeuroLM] kernel_ridge | sessions=40 DONE in 19.6s (bal_acc=0.612, auc=0.631)
[13:01:46] [NeuroLM] random_forest | sessions=40
[13:19:42] [Domain_Knowledge] random_forest | sessions=40 DONE in 1170.9s (bal_acc=0.515, auc=0.596)
[13:19:42] [Domain_Knowledge] budget=45: sessions=45, features=36, subjects=44
[13:19:42] [Domain_Knowledge] svm | sessions=45
[13:19:48] [Domain_Knowledge] svm | sessions=45 DONE in 5.9s (bal_acc=0.602, auc=0.447)
[13:19:48] [Domain_Knowledge] mlp | sessions=45
[13:19:58] [TOTEM] random_forest | sessions=40 DONE in 1187.9s (bal_acc=0.472, auc=0.432)
[13:19:58] [TOTEM] budget=45: sessions=45, features=64, subjects=44
[13:19:58] [TOTEM] svm | sessions=45
[13:20:03] [TOTEM] svm | sessions=45 DONE in 5.8s (bal_acc=0.702, auc=0.796)
[13:20:03] [TOTEM] mlp | sessions=45
[13:20:21] [LaBram] random_forest | sessions=40 DONE in 1188.7s (bal_acc=0.657, auc=0.765)
[13:20:21] [LaBram] budget=45: sessions=45, features=200, subjects=44
[13:20:21] [LaBram] svm | sessions=45
[13:20:28] [CBraMod] random_forest | sessions=40 DONE in 1189.6s (bal_acc=0.528, auc=0.643)
[13:20:28] [CBraMod] budget=45: sessions=45, features=200, subjects=44
[13:20:28] [CBraMod] svm | sessions=45
[13:20:28] [LaBram] svm | sessions=45 DONE in 7.5s (bal_acc=0.397, auc=0.494)
[13:20:28] [LaBram] mlp | sessions=45
[13:20:34] [CBraMod] svm | sessions=45 DONE in 6.0s (bal_acc=0.660, auc=0.400)
[13:20:34] [CBraMod] mlp | sessions=45
[13:21:02] [NeuroLM] random_forest | sessions=40 DONE in 1156.3s (bal_acc=0.632, auc=0.656)
[13:21:02] [NeuroLM] budget=45: sessions=45, features=1024, subjects=44
[13:21:02] [NeuroLM] svm | sessions=45
[13:21:09] [NeuroLM] svm | sessions=45 DONE in 6.8s (bal_acc=0.433, auc=0.399)
[13:21:09] [NeuroLM] mlp | sessions=45
[13:21:17] [Domain_Knowledge] mlp | sessions=45 DONE in 89.3s (bal_acc=0.538, auc=0.641)
[13:21:17] [Domain_Knowledge] kernel_ridge | sessions=45
[13:21:18] [TOTEM] mlp | sessions=45 DONE in 74.5s (bal_acc=0.602, auc=0.479)
[13:21:18] [TOTEM] kernel_ridge | sessions=45
[13:21:24] [Domain_Knowledge] kernel_ridge | sessions=45 DONE in 6.4s (bal_acc=0.598, auc=0.676)
[13:21:24] [Domain_Knowledge] random_forest | sessions=45
[13:21:25] [TOTEM] kernel_ridge | sessions=45 DONE in 6.9s (bal_acc=0.702, auc=0.804)
[13:21:25] [TOTEM] random_forest | sessions=45
[13:21:57] [LaBram] mlp | sessions=45 DONE in 88.2s (bal_acc=0.560, auc=0.553)
[13:21:57] [LaBram] kernel_ridge | sessions=45
[13:22:03] [CBraMod] mlp | sessions=45 DONE in 89.0s (bal_acc=0.580, auc=0.606)
[13:22:03] [CBraMod] kernel_ridge | sessions=45
[13:22:05] [LaBram] kernel_ridge | sessions=45 DONE in 8.7s (bal_acc=0.502, auc=0.499)
[13:22:05] [LaBram] random_forest | sessions=45
[13:22:14] [CBraMod] kernel_ridge | sessions=45 DONE in 10.2s (bal_acc=0.550, auc=0.608)
[13:22:14] [CBraMod] random_forest | sessions=45
[13:23:32] [NeuroLM] mlp | sessions=45 DONE in 142.7s (bal_acc=0.537, auc=0.514)
[13:23:32] [NeuroLM] kernel_ridge | sessions=45
[13:23:49] [NeuroLM] kernel_ridge | sessions=45 DONE in 16.7s (bal_acc=0.433, auc=0.494)
[13:23:49] [NeuroLM] random_forest | sessions=45
[13:40:28] [TOTEM] random_forest | sessions=45 DONE in 1143.4s (bal_acc=0.617, auc=0.703)
[13:40:28] [TOTEM] budget=50: sessions=50, features=64, subjects=49
[13:40:28] [TOTEM] svm | sessions=50
[13:40:29] [Domain_Knowledge] random_forest | sessions=45 DONE in 1145.5s (bal_acc=0.513, auc=0.670)
[13:40:29] [Domain_Knowledge] budget=50: sessions=50, features=36, subjects=49
[13:40:29] [Domain_Knowledge] svm | sessions=50
[13:40:35] [Domain_Knowledge] svm | sessions=50 DONE in 5.8s (bal_acc=0.629, auc=0.706)
[13:40:35] [Domain_Knowledge] mlp | sessions=50
[13:40:37] [TOTEM] svm | sessions=50 DONE in 8.4s (bal_acc=0.384, auc=0.578)
[13:40:37] [TOTEM] mlp | sessions=50
[13:41:36] [LaBram] random_forest | sessions=45 DONE in 1170.7s (bal_acc=0.457, auc=0.501)
[13:41:36] [LaBram] budget=50: sessions=50, features=200, subjects=49
[13:41:36] [LaBram] svm | sessions=50
[13:41:40] [CBraMod] random_forest | sessions=45 DONE in 1166.9s (bal_acc=0.645, auc=0.583)
[13:41:40] [CBraMod] budget=50: sessions=50, features=200, subjects=49
[13:41:40] [CBraMod] svm | sessions=50
[13:41:43] [LaBram] svm | sessions=50 DONE in 6.6s (bal_acc=0.610, auc=0.686)
[13:41:43] [LaBram] mlp | sessions=50
[13:41:47] [CBraMod] svm | sessions=50 DONE in 6.9s (bal_acc=0.576, auc=0.574)
[13:41:47] [CBraMod] mlp | sessions=50
[13:42:24] [NeuroLM] random_forest | sessions=45 DONE in 1115.7s (bal_acc=0.530, auc=0.573)
[13:42:24] [NeuroLM] budget=50: sessions=50, features=1024, subjects=49
[13:42:24] [NeuroLM] svm | sessions=50
[13:42:32] [Domain_Knowledge] mlp | sessions=50 DONE in 116.6s (bal_acc=0.568, auc=0.714)
[13:42:32] [Domain_Knowledge] kernel_ridge | sessions=50
[13:42:32] [NeuroLM] svm | sessions=50 DONE in 7.3s (bal_acc=0.647, auc=0.601)
[13:42:32] [NeuroLM] mlp | sessions=50
[13:42:32] [TOTEM] mlp | sessions=50 DONE in 115.4s (bal_acc=0.478, auc=0.510)
[13:42:32] [TOTEM] kernel_ridge | sessions=50
[13:42:37] [Domain_Knowledge] kernel_ridge | sessions=50 DONE in 5.6s (bal_acc=0.668, auc=0.672)
[13:42:37] [Domain_Knowledge] random_forest | sessions=50
[13:42:38] [TOTEM] kernel_ridge | sessions=50 DONE in 6.1s (bal_acc=0.391, auc=0.361)
[13:42:38] [TOTEM] random_forest | sessions=50
[13:43:04] [LaBram] mlp | sessions=50 DONE in 81.2s (bal_acc=0.597, auc=0.640)
[13:43:04] [LaBram] kernel_ridge | sessions=50
[13:43:07] [CBraMod] mlp | sessions=50 DONE in 79.3s (bal_acc=0.634, auc=0.652)
[13:43:07] [CBraMod] kernel_ridge | sessions=50
[13:43:15] [LaBram] kernel_ridge | sessions=50 DONE in 10.8s (bal_acc=0.659, auc=0.782)
[13:43:15] [LaBram] random_forest | sessions=50
[13:43:18] [CBraMod] kernel_ridge | sessions=50 DONE in 11.4s (bal_acc=0.598, auc=0.632)
[13:43:18] [CBraMod] random_forest | sessions=50
[13:44:13] [NeuroLM] mlp | sessions=50 DONE in 101.4s (bal_acc=0.588, auc=0.583)
[13:44:13] [NeuroLM] kernel_ridge | sessions=50
[13:44:32] [NeuroLM] kernel_ridge | sessions=50 DONE in 18.5s (bal_acc=0.592, auc=0.623)
[13:44:32] [NeuroLM] random_forest | sessions=50
[14:02:06] [Domain_Knowledge] random_forest | sessions=50 DONE in 1168.4s (bal_acc=0.695, auc=0.698)
[14:02:06] [Domain_Knowledge] budget=55: sessions=55, features=36, subjects=55
[14:02:06] [Domain_Knowledge] svm | sessions=55
[14:02:12] [Domain_Knowledge] svm | sessions=55 DONE in 6.1s (bal_acc=0.746, auc=0.545)
[14:02:12] [Domain_Knowledge] mlp | sessions=55
[14:02:22] [TOTEM] random_forest | sessions=50 DONE in 1183.4s (bal_acc=0.479, auc=0.481)
[14:02:22] [TOTEM] budget=55: sessions=55, features=64, subjects=55
[14:02:22] [TOTEM] svm | sessions=55
[14:02:28] [TOTEM] svm | sessions=55 DONE in 6.6s (bal_acc=0.418, auc=0.458)
[14:02:28] [TOTEM] mlp | sessions=55
[14:02:55] [LaBram] random_forest | sessions=50 DONE in 1180.0s (bal_acc=0.665, auc=0.685)
[14:02:55] [LaBram] budget=55: sessions=55, features=200, subjects=55
[14:02:55] [LaBram] svm | sessions=55
[14:03:01] [CBraMod] random_forest | sessions=50 DONE in 1183.3s (bal_acc=0.662, auc=0.647)
[14:03:01] [CBraMod] budget=55: sessions=55, features=200, subjects=55
[14:03:01] [CBraMod] svm | sessions=55
[14:03:01] [LaBram] svm | sessions=55 DONE in 6.8s (bal_acc=0.461, auc=0.443)
[14:03:01] [LaBram] mlp | sessions=55
[14:03:07] [CBraMod] svm | sessions=55 DONE in 5.9s (bal_acc=0.634, auc=0.560)
[14:03:07] [CBraMod] mlp | sessions=55
[14:03:32] [NeuroLM] random_forest | sessions=50 DONE in 1140.2s (bal_acc=0.622, auc=0.617)
[14:03:32] [NeuroLM] budget=55: sessions=55, features=1024, subjects=55
[14:03:32] [NeuroLM] svm | sessions=55
[14:03:39] [NeuroLM] svm | sessions=55 DONE in 7.2s (bal_acc=0.595, auc=0.506)
[14:03:39] [NeuroLM] mlp | sessions=55
[14:03:50] [Domain_Knowledge] mlp | sessions=55 DONE in 98.7s (bal_acc=0.622, auc=0.670)
[14:03:50] [Domain_Knowledge] kernel_ridge | sessions=55
[14:03:53] [TOTEM] mlp | sessions=55 DONE in 85.2s (bal_acc=0.658, auc=0.660)
[14:03:53] [TOTEM] kernel_ridge | sessions=55
[14:03:59] [Domain_Knowledge] kernel_ridge | sessions=55 DONE in 8.9s (bal_acc=0.652, auc=0.614)
[14:03:59] [Domain_Knowledge] random_forest | sessions=55
[14:04:03] [TOTEM] kernel_ridge | sessions=55 DONE in 9.9s (bal_acc=0.521, auc=0.525)
[14:04:03] [TOTEM] random_forest | sessions=55
[14:04:20] [LaBram] mlp | sessions=55 DONE in 78.7s (bal_acc=0.638, auc=0.619)
[14:04:20] [LaBram] kernel_ridge | sessions=55
[14:04:26] [CBraMod] mlp | sessions=55 DONE in 79.3s (bal_acc=0.585, auc=0.632)
[14:04:26] [CBraMod] kernel_ridge | sessions=55
[14:04:31] [LaBram] kernel_ridge | sessions=55 DONE in 10.5s (bal_acc=0.616, auc=0.630)
[14:04:31] [LaBram] random_forest | sessions=55
[14:04:37] [CBraMod] kernel_ridge | sessions=55 DONE in 10.3s (bal_acc=0.570, auc=0.675)
[14:04:37] [CBraMod] random_forest | sessions=55
[14:05:31] [NeuroLM] mlp | sessions=55 DONE in 112.2s (bal_acc=0.577, auc=0.626)
[14:05:31] [NeuroLM] kernel_ridge | sessions=55
[14:05:48] [NeuroLM] kernel_ridge | sessions=55 DONE in 17.0s (bal_acc=0.611, auc=0.564)
[14:05:48] [NeuroLM] random_forest | sessions=55
[14:23:29] [Domain_Knowledge] random_forest | sessions=55 DONE in 1169.6s (bal_acc=0.624, auc=0.671)
[14:23:29] [Domain_Knowledge] budget=60: sessions=60, features=36, subjects=57
[14:23:29] [Domain_Knowledge] svm | sessions=60
[14:23:35] [Domain_Knowledge] svm | sessions=60 DONE in 5.9s (bal_acc=0.508, auc=0.527)
[14:23:35] [Domain_Knowledge] mlp | sessions=60
[14:23:40] [TOTEM] random_forest | sessions=55 DONE in 1176.6s (bal_acc=0.444, auc=0.475)
[14:23:40] [TOTEM] budget=60: sessions=60, features=64, subjects=57
[14:23:40] [TOTEM] svm | sessions=60
[14:23:46] [TOTEM] svm | sessions=60 DONE in 6.4s (bal_acc=0.520, auc=0.605)
[14:23:46] [TOTEM] mlp | sessions=60
[14:24:18] [LaBram] random_forest | sessions=55 DONE in 1186.9s (bal_acc=0.621, auc=0.621)
[14:24:18] [LaBram] budget=60: sessions=60, features=200, subjects=57
[14:24:18] [LaBram] svm | sessions=60
[14:24:25] [LaBram] svm | sessions=60 DONE in 8.0s (bal_acc=0.531, auc=0.502)
[14:24:25] [LaBram] mlp | sessions=60
[14:24:27] [CBraMod] random_forest | sessions=55 DONE in 1190.2s (bal_acc=0.677, auc=0.698)
[14:24:27] [CBraMod] budget=60: sessions=60, features=200, subjects=57
[14:24:27] [CBraMod] svm | sessions=60
[14:24:32] [CBraMod] svm | sessions=60 DONE in 5.2s (bal_acc=0.448, auc=0.630)
[14:24:32] [CBraMod] mlp | sessions=60
[14:24:51] [NeuroLM] random_forest | sessions=55 DONE in 1142.7s (bal_acc=0.532, auc=0.501)
[14:24:51] [NeuroLM] budget=60: sessions=60, features=1024, subjects=57
[14:24:51] [NeuroLM] svm | sessions=60
[14:24:59] [NeuroLM] svm | sessions=60 DONE in 7.8s (bal_acc=0.490, auc=0.516)
[14:24:59] [NeuroLM] mlp | sessions=60
[14:25:11] [Domain_Knowledge] mlp | sessions=60 DONE in 95.8s (bal_acc=0.587, auc=0.647)
[14:25:11] [Domain_Knowledge] kernel_ridge | sessions=60
[14:25:13] [TOTEM] mlp | sessions=60 DONE in 86.8s (bal_acc=0.375, auc=0.325)
[14:25:13] [TOTEM] kernel_ridge | sessions=60
[14:25:19] [Domain_Knowledge] kernel_ridge | sessions=60 DONE in 8.9s (bal_acc=0.504, auc=0.573)
[14:25:19] [Domain_Knowledge] random_forest | sessions=60
[14:25:23] [TOTEM] kernel_ridge | sessions=60 DONE in 9.5s (bal_acc=0.504, auc=0.573)
[14:25:23] [TOTEM] random_forest | sessions=60
[14:25:34] [LaBram] mlp | sessions=60 DONE in 68.7s (bal_acc=0.570, auc=0.573)
[14:25:34] [LaBram] kernel_ridge | sessions=60
[14:25:35] [CBraMod] mlp | sessions=60 DONE in 63.3s (bal_acc=0.572, auc=0.446)
[14:25:35] [CBraMod] kernel_ridge | sessions=60
[14:25:44] [LaBram] kernel_ridge | sessions=60 DONE in 10.2s (bal_acc=0.516, auc=0.495)
[14:25:44] [LaBram] random_forest | sessions=60
[14:25:46] [CBraMod] kernel_ridge | sessions=60 DONE in 10.7s (bal_acc=0.483, auc=0.363)
[14:25:46] [CBraMod] random_forest | sessions=60
[14:26:32] [NeuroLM] mlp | sessions=60 DONE in 93.1s (bal_acc=0.452, auc=0.469)
[14:26:32] [NeuroLM] kernel_ridge | sessions=60
[14:26:53] [NeuroLM] kernel_ridge | sessions=60 DONE in 21.3s (bal_acc=0.402, auc=0.515)
[14:26:53] [NeuroLM] random_forest | sessions=60
[14:45:05] [Domain_Knowledge] random_forest | sessions=60 DONE in 1185.5s (bal_acc=0.630, auc=0.573)
[14:45:05] [Domain_Knowledge] budget=65: sessions=65, features=36, subjects=62
[14:45:05] [Domain_Knowledge] svm | sessions=65
[14:45:11] [Domain_Knowledge] svm | sessions=65 DONE in 6.4s (bal_acc=0.630, auc=0.687)
[14:45:11] [Domain_Knowledge] mlp | sessions=65
[14:45:23] [TOTEM] random_forest | sessions=60 DONE in 1200.0s (bal_acc=0.424, auc=0.372)
[14:45:23] [TOTEM] budget=65: sessions=65, features=64, subjects=62
[14:45:23] [TOTEM] svm | sessions=65
[14:45:29] [TOTEM] svm | sessions=65 DONE in 6.8s (bal_acc=0.494, auc=0.451)
[14:45:29] [TOTEM] mlp | sessions=65
[14:45:39] [LaBram] random_forest | sessions=60 DONE in 1194.6s (bal_acc=0.623, auc=0.662)
[14:45:39] [LaBram] budget=65: sessions=65, features=200, subjects=62
[14:45:39] [LaBram] svm | sessions=65
[14:45:43] [CBraMod] random_forest | sessions=60 DONE in 1196.8s (bal_acc=0.398, auc=0.480)
[14:45:43] [CBraMod] budget=65: sessions=65, features=200, subjects=62
[14:45:43] [CBraMod] svm | sessions=65
[14:45:47] [LaBram] svm | sessions=65 DONE in 7.9s (bal_acc=0.568, auc=0.414)
[14:45:47] [LaBram] mlp | sessions=65
[14:45:50] [CBraMod] svm | sessions=65 DONE in 7.6s (bal_acc=0.617, auc=0.446)
[14:45:50] [CBraMod] mlp | sessions=65
[14:46:11] [NeuroLM] random_forest | sessions=60 DONE in 1158.2s (bal_acc=0.472, auc=0.482)
[14:46:11] [NeuroLM] budget=65: sessions=65, features=1024, subjects=62
[14:46:11] [NeuroLM] svm | sessions=65
[14:46:19] [NeuroLM] svm | sessions=65 DONE in 7.6s (bal_acc=0.538, auc=0.329)
[14:46:19] [NeuroLM] mlp | sessions=65
[14:46:27] [Domain_Knowledge] mlp | sessions=65 DONE in 75.7s (bal_acc=0.631, auc=0.648)
[14:46:27] [Domain_Knowledge] kernel_ridge | sessions=65
[14:46:29] [TOTEM] mlp | sessions=65 DONE in 59.8s (bal_acc=0.546, auc=0.524)
[14:46:29] [TOTEM] kernel_ridge | sessions=65
[14:46:33] [Domain_Knowledge] kernel_ridge | sessions=65 DONE in 5.4s (bal_acc=0.677, auc=0.711)
[14:46:33] [Domain_Knowledge] random_forest | sessions=65
[14:46:35] [TOTEM] kernel_ridge | sessions=65 DONE in 6.3s (bal_acc=0.505, auc=0.462)
[14:46:35] [TOTEM] random_forest | sessions=65
[14:47:24] [LaBram] mlp | sessions=65 DONE in 96.8s (bal_acc=0.613, auc=0.671)
[14:47:24] [LaBram] kernel_ridge | sessions=65
[14:47:25] [CBraMod] mlp | sessions=65 DONE in 94.6s (bal_acc=0.518, auc=0.442)
[14:47:25] [CBraMod] kernel_ridge | sessions=65
[14:47:34] [LaBram] kernel_ridge | sessions=65 DONE in 10.3s (bal_acc=0.551, auc=0.525)
[14:47:34] [LaBram] random_forest | sessions=65
[14:47:36] [CBraMod] kernel_ridge | sessions=65 DONE in 10.6s (bal_acc=0.560, auc=0.477)
[14:47:36] [CBraMod] random_forest | sessions=65
[14:48:44] [NeuroLM] mlp | sessions=65 DONE in 144.8s (bal_acc=0.490, auc=0.569)
[14:48:44] [NeuroLM] kernel_ridge | sessions=65
[14:49:01] [NeuroLM] kernel_ridge | sessions=65 DONE in 17.2s (bal_acc=0.525, auc=0.630)
[14:49:01] [NeuroLM] random_forest | sessions=65
[15:05:46] [Domain_Knowledge] random_forest | sessions=65 DONE in 1153.5s (bal_acc=0.718, auc=0.772)
[15:05:46] [Domain_Knowledge] budget=70: sessions=70, features=36, subjects=66
[15:05:46] [Domain_Knowledge] svm | sessions=70
[15:05:53] [Domain_Knowledge] svm | sessions=70 DONE in 7.0s (bal_acc=0.566, auc=0.340)
[15:05:53] [Domain_Knowledge] mlp | sessions=70
[15:05:54] [TOTEM] random_forest | sessions=65 DONE in 1158.2s (bal_acc=0.515, auc=0.566)
[15:05:54] [TOTEM] budget=70: sessions=70, features=64, subjects=66
[15:05:54] [TOTEM] svm | sessions=70
[15:06:00] [TOTEM] svm | sessions=70 DONE in 6.6s (bal_acc=0.440, auc=0.515)
[15:06:00] [TOTEM] mlp | sessions=70
[15:07:05] [CBraMod] random_forest | sessions=65 DONE in 1169.5s (bal_acc=0.514, auc=0.544)
[15:07:05] [CBraMod] budget=70: sessions=70, features=200, subjects=66
[15:07:05] [CBraMod] svm | sessions=70
[15:07:08] [LaBram] random_forest | sessions=65 DONE in 1174.1s (bal_acc=0.646, auc=0.673)
[15:07:08] [LaBram] budget=70: sessions=70, features=200, subjects=66
[15:07:08] [LaBram] svm | sessions=70
[15:07:13] [CBraMod] svm | sessions=70 DONE in 7.3s (bal_acc=0.526, auc=0.414)
[15:07:13] [CBraMod] mlp | sessions=70
[15:07:17] [LaBram] svm | sessions=70 DONE in 8.4s (bal_acc=0.565, auc=0.359)
[15:07:17] [LaBram] mlp | sessions=70
[15:07:43] [NeuroLM] random_forest | sessions=65 DONE in 1122.6s (bal_acc=0.622, auc=0.607)
[15:07:43] [NeuroLM] budget=70: sessions=70, features=1024, subjects=66
[15:07:43] [NeuroLM] svm | sessions=70
[15:07:48] [Domain_Knowledge] mlp | sessions=70 DONE in 114.7s (bal_acc=0.403, auc=0.329)
[15:07:48] [Domain_Knowledge] kernel_ridge | sessions=70
[15:07:53] [Domain_Knowledge] kernel_ridge | sessions=70 DONE in 4.9s (bal_acc=0.520, auc=0.481)
[15:07:53] [Domain_Knowledge] random_forest | sessions=70
[15:07:54] [NeuroLM] svm | sessions=70 DONE in 10.7s (bal_acc=0.523, auc=0.490)
[15:07:54] [NeuroLM] mlp | sessions=70
[15:07:55] [TOTEM] mlp | sessions=70 DONE in 114.9s (bal_acc=0.415, auc=0.390)
[15:07:55] [TOTEM] kernel_ridge | sessions=70
[15:08:03] [TOTEM] kernel_ridge | sessions=70 DONE in 7.9s (bal_acc=0.477, auc=0.504)
[15:08:03] [TOTEM] random_forest | sessions=70
[15:08:30] [LaBram] mlp | sessions=70 DONE in 73.3s (bal_acc=0.462, auc=0.466)
[15:08:30] [LaBram] kernel_ridge | sessions=70
[15:08:31] [CBraMod] mlp | sessions=70 DONE in 78.6s (bal_acc=0.547, auc=0.498)
[15:08:31] [CBraMod] kernel_ridge | sessions=70
[15:08:40] [LaBram] kernel_ridge | sessions=70 DONE in 10.0s (bal_acc=0.517, auc=0.557)
[15:08:40] [LaBram] random_forest | sessions=70
[15:08:42] [CBraMod] kernel_ridge | sessions=70 DONE in 10.5s (bal_acc=0.484, auc=0.461)
[15:08:42] [CBraMod] random_forest | sessions=70
[15:10:17] [NeuroLM] mlp | sessions=70 DONE in 142.7s (bal_acc=0.521, auc=0.524)
[15:10:17] [NeuroLM] kernel_ridge | sessions=70
[15:10:33] [NeuroLM] kernel_ridge | sessions=70 DONE in 16.0s (bal_acc=0.639, auc=0.630)
[15:10:33] [NeuroLM] random_forest | sessions=70
[15:27:15] [Domain_Knowledge] random_forest | sessions=70 DONE in 1162.8s (bal_acc=0.487, auc=0.465)
[15:27:15] [Domain_Knowledge] budget=75: sessions=75, features=36, subjects=69
[15:27:15] [Domain_Knowledge] svm | sessions=75
[15:27:22] [Domain_Knowledge] svm | sessions=75 DONE in 6.8s (bal_acc=0.628, auc=0.663)
[15:27:22] [Domain_Knowledge] mlp | sessions=75
[15:27:26] [TOTEM] random_forest | sessions=70 DONE in 1162.7s (bal_acc=0.446, auc=0.446)
[15:27:26] [TOTEM] budget=75: sessions=75, features=64, subjects=69
[15:27:26] [TOTEM] svm | sessions=75
[15:27:33] [TOTEM] svm | sessions=75 DONE in 7.1s (bal_acc=0.625, auc=0.586)
[15:27:33] [TOTEM] mlp | sessions=75
[15:28:15] [LaBram] random_forest | sessions=70 DONE in 1174.9s (bal_acc=0.617, auc=0.540)
[15:28:15] [LaBram] budget=75: sessions=75, features=200, subjects=69
[15:28:15] [LaBram] svm | sessions=75
[15:28:16] [CBraMod] random_forest | sessions=70 DONE in 1174.3s (bal_acc=0.546, auc=0.546)
[15:28:16] [CBraMod] budget=75: sessions=75, features=200, subjects=69
[15:28:16] [CBraMod] svm | sessions=75
[15:28:24] [LaBram] svm | sessions=75 DONE in 9.0s (bal_acc=0.675, auc=0.651)
[15:28:24] [LaBram] mlp | sessions=75
[15:28:25] [CBraMod] svm | sessions=75 DONE in 8.7s (bal_acc=0.656, auc=0.657)
[15:28:25] [CBraMod] mlp | sessions=75
[15:28:50] [Domain_Knowledge] mlp | sessions=75 DONE in 88.2s (bal_acc=0.523, auc=0.584)
[15:28:50] [Domain_Knowledge] kernel_ridge | sessions=75
[15:28:53] [TOTEM] mlp | sessions=75 DONE in 80.4s (bal_acc=0.564, auc=0.705)
[15:28:53] [TOTEM] kernel_ridge | sessions=75
[15:28:59] [Domain_Knowledge] kernel_ridge | sessions=75 DONE in 8.8s (bal_acc=0.507, auc=0.537)
[15:28:59] [Domain_Knowledge] random_forest | sessions=75
[15:29:02] [TOTEM] kernel_ridge | sessions=75 DONE in 8.7s (bal_acc=0.660, auc=0.717)
[15:29:02] [TOTEM] random_forest | sessions=75
[15:29:28] [NeuroLM] random_forest | sessions=70 DONE in 1134.8s (bal_acc=0.545, auc=0.502)
[15:29:28] [NeuroLM] budget=75: sessions=75, features=1024, subjects=69
[15:29:28] [NeuroLM] svm | sessions=75
[15:29:37] [NeuroLM] svm | sessions=75 DONE in 9.7s (bal_acc=0.529, auc=0.594)
[15:29:37] [NeuroLM] mlp | sessions=75
[15:30:25] [CBraMod] mlp | sessions=75 DONE in 120.3s (bal_acc=0.568, auc=0.697)
[15:30:25] [CBraMod] kernel_ridge | sessions=75
[15:30:27] [LaBram] mlp | sessions=75 DONE in 123.4s (bal_acc=0.590, auc=0.697)
[15:30:27] [LaBram] kernel_ridge | sessions=75
[15:30:36] [CBraMod] kernel_ridge | sessions=75 DONE in 11.6s (bal_acc=0.593, auc=0.680)
[15:30:36] [CBraMod] random_forest | sessions=75
[15:30:39] [LaBram] kernel_ridge | sessions=75 DONE in 11.8s (bal_acc=0.627, auc=0.625)
[15:30:39] [LaBram] random_forest | sessions=75
[15:32:07] [NeuroLM] mlp | sessions=75 DONE in 149.2s (bal_acc=0.551, auc=0.535)
[15:32:07] [NeuroLM] kernel_ridge | sessions=75
[15:32:22] [NeuroLM] kernel_ridge | sessions=75 DONE in 15.5s (bal_acc=0.594, auc=0.665)
[15:32:22] [NeuroLM] random_forest | sessions=75
[15:47:45] [Domain_Knowledge] random_forest | sessions=75 DONE in 1125.4s (bal_acc=0.654, auc=0.684)
[15:47:45] [Domain_Knowledge] budget=80: sessions=80, features=36, subjects=77
[15:47:45] [Domain_Knowledge] svm | sessions=80
[15:47:50] [TOTEM] random_forest | sessions=75 DONE in 1127.7s (bal_acc=0.598, auc=0.636)
[15:47:50] [TOTEM] budget=80: sessions=80, features=64, subjects=77
[15:47:50] [TOTEM] svm | sessions=80
[15:47:51] [Domain_Knowledge] svm | sessions=80 DONE in 6.6s (bal_acc=0.666, auc=0.735)
[15:47:51] [Domain_Knowledge] mlp | sessions=80
[15:47:58] [TOTEM] svm | sessions=80 DONE in 8.2s (bal_acc=0.526, auc=0.480)
[15:47:58] [TOTEM] mlp | sessions=80
[15:49:35] [CBraMod] random_forest | sessions=75 DONE in 1138.8s (bal_acc=0.621, auc=0.721)
[15:49:35] [CBraMod] budget=80: sessions=80, features=200, subjects=77
[15:49:35] [CBraMod] svm | sessions=80
[15:49:42] [LaBram] random_forest | sessions=75 DONE in 1142.6s (bal_acc=0.687, auc=0.697)
[15:49:42] [LaBram] budget=80: sessions=80, features=200, subjects=77
[15:49:42] [LaBram] svm | sessions=80
[15:49:45] [CBraMod] svm | sessions=80 DONE in 9.5s (bal_acc=0.583, auc=0.441)
[15:49:45] [CBraMod] mlp | sessions=80
[15:49:49] [LaBram] svm | sessions=80 DONE in 7.8s (bal_acc=0.655, auc=0.635)
[15:49:49] [LaBram] mlp | sessions=80
[15:50:00] [Domain_Knowledge] mlp | sessions=80 DONE in 128.4s (bal_acc=0.631, auc=0.692)
[15:50:00] [Domain_Knowledge] kernel_ridge | sessions=80
[15:50:01] [TOTEM] mlp | sessions=80 DONE in 123.0s (bal_acc=0.484, auc=0.518)
[15:50:01] [TOTEM] kernel_ridge | sessions=80
[15:50:09] [Domain_Knowledge] kernel_ridge | sessions=80 DONE in 9.2s (bal_acc=0.608, auc=0.753)
[15:50:09] [Domain_Knowledge] random_forest | sessions=80
[15:50:10] [TOTEM] kernel_ridge | sessions=80 DONE in 9.7s (bal_acc=0.484, auc=0.517)
[15:50:10] [TOTEM] random_forest | sessions=80
[15:50:44] [LaBram] mlp | sessions=80 DONE in 54.8s (bal_acc=0.591, auc=0.607)
[15:50:44] [LaBram] kernel_ridge | sessions=80
[15:50:45] [CBraMod] mlp | sessions=80 DONE in 60.5s (bal_acc=0.585, auc=0.597)
[15:50:45] [CBraMod] kernel_ridge | sessions=80
[15:51:13] [LaBram] kernel_ridge | sessions=80 DONE in 28.3s (bal_acc=0.626, auc=0.632)
[15:51:13] [LaBram] random_forest | sessions=80
[15:51:16] [CBraMod] kernel_ridge | sessions=80 DONE in 30.6s (bal_acc=0.585, auc=0.576)
[15:51:16] [CBraMod] random_forest | sessions=80
[15:51:16] [NeuroLM] random_forest | sessions=75 DONE in 1134.0s (bal_acc=0.537, auc=0.627)
[15:51:16] [NeuroLM] budget=80: sessions=80, features=1024, subjects=77
[15:51:16] [NeuroLM] svm | sessions=80
[15:51:38] [NeuroLM] svm | sessions=80 DONE in 21.6s (bal_acc=0.550, auc=0.605)
[15:51:38] [NeuroLM] mlp | sessions=80
[15:53:48] [NeuroLM] mlp | sessions=80 DONE in 130.3s (bal_acc=0.588, auc=0.690)
[15:53:48] [NeuroLM] kernel_ridge | sessions=80
[15:54:07] [NeuroLM] kernel_ridge | sessions=80 DONE in 19.3s (bal_acc=0.578, auc=0.608)
[15:54:07] [NeuroLM] random_forest | sessions=80
[16:09:23] [Domain_Knowledge] random_forest | sessions=80 DONE in 1153.7s (bal_acc=0.730, auc=0.780)
[16:09:23] [Domain_Knowledge] budget=85: sessions=85, features=36, subjects=82
[16:09:23] [Domain_Knowledge] svm | sessions=85
[16:09:24] [TOTEM] random_forest | sessions=80 DONE in 1154.0s (bal_acc=0.502, auc=0.554)
[16:09:24] [TOTEM] budget=85: sessions=85, features=64, subjects=82
[16:09:24] [TOTEM] svm | sessions=85
[16:09:29] [Domain_Knowledge] svm | sessions=85 DONE in 6.2s (bal_acc=0.504, auc=0.467)
[16:09:29] [Domain_Knowledge] mlp | sessions=85
[16:09:33] [TOTEM] svm | sessions=85 DONE in 8.8s (bal_acc=0.504, auc=0.431)
[16:09:33] [TOTEM] mlp | sessions=85
[16:10:28] [CBraMod] random_forest | sessions=80 DONE in 1152.5s (bal_acc=0.536, auc=0.573)
[16:10:28] [CBraMod] budget=85: sessions=85, features=200, subjects=82
[16:10:28] [CBraMod] svm | sessions=85
[16:10:36] [LaBram] random_forest | sessions=80 DONE in 1163.1s (bal_acc=0.673, auc=0.721)
[16:10:36] [LaBram] budget=85: sessions=85, features=200, subjects=82
[16:10:36] [LaBram] svm | sessions=85
[16:10:39] [CBraMod] svm | sessions=85 DONE in 10.3s (bal_acc=0.491, auc=0.538)
[16:10:39] [CBraMod] mlp | sessions=85
[16:10:44] [LaBram] svm | sessions=85 DONE in 8.8s (bal_acc=0.499, auc=0.496)
[16:10:44] [LaBram] mlp | sessions=85
[16:11:04] [Domain_Knowledge] mlp | sessions=85 DONE in 95.1s (bal_acc=0.533, auc=0.571)
[16:11:04] [Domain_Knowledge] kernel_ridge | sessions=85
[16:11:08] [TOTEM] mlp | sessions=85 DONE in 94.4s (bal_acc=0.470, auc=0.476)
[16:11:08] [TOTEM] kernel_ridge | sessions=85
[16:11:13] [Domain_Knowledge] kernel_ridge | sessions=85 DONE in 9.1s (bal_acc=0.550, auc=0.570)
[16:11:13] [Domain_Knowledge] random_forest | sessions=85
[16:11:17] [TOTEM] kernel_ridge | sessions=85 DONE in 9.9s (bal_acc=0.463, auc=0.432)
[16:11:17] [TOTEM] random_forest | sessions=85
[16:11:38] [CBraMod] mlp | sessions=85 DONE in 59.9s (bal_acc=0.526, auc=0.548)
[16:11:38] [CBraMod] kernel_ridge | sessions=85
[16:11:39] [LaBram] mlp | sessions=85 DONE in 54.5s (bal_acc=0.482, auc=0.467)
[16:11:39] [LaBram] kernel_ridge | sessions=85
[16:12:03] [LaBram] kernel_ridge | sessions=85 DONE in 23.6s (bal_acc=0.512, auc=0.504)
[16:12:03] [LaBram] random_forest | sessions=85
[16:12:03] [CBraMod] kernel_ridge | sessions=85 DONE in 24.1s (bal_acc=0.599, auc=0.581)
[16:12:03] [CBraMod] random_forest | sessions=85
[16:13:19] [NeuroLM] random_forest | sessions=80 DONE in 1152.0s (bal_acc=0.605, auc=0.672)
[16:13:20] [NeuroLM] budget=85: sessions=85, features=1024, subjects=82
[16:13:20] [NeuroLM] svm | sessions=85
[16:13:42] [NeuroLM] svm | sessions=85 DONE in 22.3s (bal_acc=0.444, auc=0.650)
[16:13:42] [NeuroLM] mlp | sessions=85
[16:15:56] [NeuroLM] mlp | sessions=85 DONE in 134.2s (bal_acc=0.526, auc=0.527)
[16:15:56] [NeuroLM] kernel_ridge | sessions=85
[16:16:10] [NeuroLM] kernel_ridge | sessions=85 DONE in 13.6s (bal_acc=0.414, auc=0.429)
[16:16:10] [NeuroLM] random_forest | sessions=85
[16:30:30] [Domain_Knowledge] random_forest | sessions=85 DONE in 1156.5s (bal_acc=0.570, auc=0.577)
[16:30:30] [Domain_Knowledge] budget=90: sessions=90, features=36, subjects=83
[16:30:30] [Domain_Knowledge] svm | sessions=90
[16:30:36] [Domain_Knowledge] svm | sessions=90 DONE in 6.8s (bal_acc=0.575, auc=0.530)
[16:30:36] [Domain_Knowledge] mlp | sessions=90
[16:30:48] [TOTEM] random_forest | sessions=85 DONE in 1170.8s (bal_acc=0.421, auc=0.412)
[16:30:48] [TOTEM] budget=90: sessions=90, features=64, subjects=83
[16:30:48] [TOTEM] svm | sessions=90
[16:30:56] [TOTEM] svm | sessions=90 DONE in 8.0s (bal_acc=0.614, auc=0.652)
[16:30:56] [TOTEM] mlp | sessions=90
[16:31:23] [LaBram] random_forest | sessions=85 DONE in 1160.4s (bal_acc=0.526, auc=0.562)
[16:31:23] [LaBram] budget=90: sessions=90, features=200, subjects=83
[16:31:23] [LaBram] svm | sessions=90
[16:31:26] [CBraMod] random_forest | sessions=85 DONE in 1163.4s (bal_acc=0.510, auc=0.492)
[16:31:26] [CBraMod] budget=90: sessions=90, features=200, subjects=83
[16:31:26] [CBraMod] svm | sessions=90
[16:31:32] [LaBram] svm | sessions=90 DONE in 9.1s (bal_acc=0.494, auc=0.502)
[16:31:32] [LaBram] mlp | sessions=90
[16:31:36] [CBraMod] svm | sessions=90 DONE in 9.6s (bal_acc=0.488, auc=0.380)
[16:31:36] [CBraMod] mlp | sessions=90
[16:32:01] [Domain_Knowledge] mlp | sessions=90 DONE in 84.4s (bal_acc=0.530, auc=0.569)
[16:32:01] [Domain_Knowledge] kernel_ridge | sessions=90
[16:32:05] [TOTEM] mlp | sessions=90 DONE in 68.8s (bal_acc=0.627, auc=0.597)
[16:32:05] [TOTEM] kernel_ridge | sessions=90
[16:32:10] [Domain_Knowledge] kernel_ridge | sessions=90 DONE in 9.5s (bal_acc=0.560, auc=0.534)
[16:32:10] [Domain_Knowledge] random_forest | sessions=90
[16:32:15] [TOTEM] kernel_ridge | sessions=90 DONE in 10.2s (bal_acc=0.600, auc=0.612)
[16:32:15] [TOTEM] random_forest | sessions=90
[16:32:36] [LaBram] mlp | sessions=90 DONE in 64.1s (bal_acc=0.469, auc=0.459)
[16:32:36] [LaBram] kernel_ridge | sessions=90
[16:32:41] [CBraMod] mlp | sessions=90 DONE in 65.5s (bal_acc=0.592, auc=0.649)
[16:32:41] [CBraMod] kernel_ridge | sessions=90
[16:32:47] [LaBram] kernel_ridge | sessions=90 DONE in 10.8s (bal_acc=0.525, auc=0.503)
[16:32:47] [LaBram] random_forest | sessions=90
[16:32:55] [CBraMod] kernel_ridge | sessions=90 DONE in 14.1s (bal_acc=0.502, auc=0.495)
[16:32:55] [CBraMod] random_forest | sessions=90
[16:35:51] [NeuroLM] random_forest | sessions=85 DONE in 1181.8s (bal_acc=0.461, auc=0.477)
[16:35:51] [NeuroLM] budget=90: sessions=90, features=1024, subjects=83
[16:35:51] [NeuroLM] svm | sessions=90
[16:36:13] [NeuroLM] svm | sessions=90 DONE in 21.1s (bal_acc=0.492, auc=0.332)
[16:36:13] [NeuroLM] mlp | sessions=90
[16:38:20] [NeuroLM] mlp | sessions=90 DONE in 127.4s (bal_acc=0.545, auc=0.594)
[16:38:20] [NeuroLM] kernel_ridge | sessions=90
[16:38:35] [NeuroLM] kernel_ridge | sessions=90 DONE in 15.0s (bal_acc=0.484, auc=0.512)
[16:38:35] [NeuroLM] random_forest | sessions=90
[16:51:36] [Domain_Knowledge] random_forest | sessions=90 DONE in 1166.0s (bal_acc=0.577, auc=0.600)
[16:51:36] [Domain_Knowledge] budget=95: sessions=95, features=36, subjects=86
[16:51:36] [Domain_Knowledge] svm | sessions=95
[16:51:43] [Domain_Knowledge] svm | sessions=95 DONE in 6.7s (bal_acc=0.523, auc=0.548)
[16:51:43] [Domain_Knowledge] mlp | sessions=95
[16:51:51] [TOTEM] random_forest | sessions=90 DONE in 1175.5s (bal_acc=0.584, auc=0.633)
[16:51:51] [TOTEM] budget=95: sessions=95, features=64, subjects=86
[16:51:51] [TOTEM] svm | sessions=95
[16:51:59] [TOTEM] svm | sessions=95 DONE in 8.4s (bal_acc=0.524, auc=0.444)
[16:51:59] [TOTEM] mlp | sessions=95
[16:52:17] [LaBram] random_forest | sessions=90 DONE in 1170.2s (bal_acc=0.526, auc=0.580)
[16:52:17] [LaBram] budget=95: sessions=95, features=200, subjects=86
[16:52:17] [LaBram] svm | sessions=95
[16:52:18] [CBraMod] random_forest | sessions=90 DONE in 1162.6s (bal_acc=0.538, auc=0.586)
[16:52:18] [CBraMod] budget=95: sessions=95, features=200, subjects=86
[16:52:18] [CBraMod] svm | sessions=95
[16:52:26] [LaBram] svm | sessions=95 DONE in 9.1s (bal_acc=0.528, auc=0.378)
[16:52:26] [LaBram] mlp | sessions=95
[16:52:27] [CBraMod] svm | sessions=95 DONE in 9.2s (bal_acc=0.521, auc=0.487)
[16:52:27] [CBraMod] mlp | sessions=95
[16:52:56] [Domain_Knowledge] mlp | sessions=95 DONE in 73.0s (bal_acc=0.505, auc=0.466)
[16:52:56] [Domain_Knowledge] kernel_ridge | sessions=95
[16:53:03] [TOTEM] mlp | sessions=95 DONE in 63.7s (bal_acc=0.471, auc=0.522)
[16:53:03] [TOTEM] kernel_ridge | sessions=95
[16:53:03] [Domain_Knowledge] kernel_ridge | sessions=95 DONE in 6.9s (bal_acc=0.497, auc=0.530)
[16:53:03] [Domain_Knowledge] random_forest | sessions=95
[16:53:13] [TOTEM] kernel_ridge | sessions=95 DONE in 10.0s (bal_acc=0.527, auc=0.578)
[16:53:13] [TOTEM] random_forest | sessions=95
[16:53:42] [LaBram] mlp | sessions=95 DONE in 75.4s (bal_acc=0.585, auc=0.589)
[16:53:42] [LaBram] kernel_ridge | sessions=95
[16:53:44] [CBraMod] mlp | sessions=95 DONE in 77.2s (bal_acc=0.532, auc=0.568)
[16:53:44] [CBraMod] kernel_ridge | sessions=95
[16:53:52] [LaBram] kernel_ridge | sessions=95 DONE in 10.5s (bal_acc=0.475, auc=0.460)
[16:53:52] [LaBram] random_forest | sessions=95
[16:53:55] [CBraMod] kernel_ridge | sessions=95 DONE in 10.8s (bal_acc=0.596, auc=0.669)
[16:53:55] [CBraMod] random_forest | sessions=95
[16:58:11] [NeuroLM] random_forest | sessions=90 DONE in 1176.0s (bal_acc=0.537, auc=0.534)
[16:58:11] [NeuroLM] budget=95: sessions=95, features=1024, subjects=86
[16:58:11] [NeuroLM] svm | sessions=95
[16:58:33] [NeuroLM] svm | sessions=95 DONE in 22.3s (bal_acc=0.479, auc=0.435)
[16:58:33] [NeuroLM] mlp | sessions=95
[17:00:46] [NeuroLM] mlp | sessions=95 DONE in 132.9s (bal_acc=0.474, auc=0.496)
[17:00:46] [NeuroLM] kernel_ridge | sessions=95
[17:01:00] [NeuroLM] kernel_ridge | sessions=95 DONE in 13.9s (bal_acc=0.550, auc=0.558)
[17:01:00] [NeuroLM] random_forest | sessions=95
[17:12:42] [Domain_Knowledge] random_forest | sessions=95 DONE in 1178.9s (bal_acc=0.501, auc=0.554)
[17:12:42] [Domain_Knowledge] budget=100: sessions=100, features=36, subjects=93
[17:12:42] [Domain_Knowledge] svm | sessions=100
[17:12:49] [Domain_Knowledge] svm | sessions=100 DONE in 7.0s (bal_acc=0.686, auc=0.751)
[17:12:49] [Domain_Knowledge] mlp | sessions=100
[17:12:59] [TOTEM] random_forest | sessions=95 DONE in 1186.3s (bal_acc=0.547, auc=0.613)
[17:12:59] [TOTEM] budget=100: sessions=100, features=64, subjects=93
[17:12:59] [TOTEM] svm | sessions=100
[17:13:07] [TOTEM] svm | sessions=100 DONE in 8.2s (bal_acc=0.573, auc=0.457)
[17:13:07] [TOTEM] mlp | sessions=100
[17:13:11] [LaBram] random_forest | sessions=95 DONE in 1158.9s (bal_acc=0.531, auc=0.535)
[17:13:11] [LaBram] budget=100: sessions=100, features=200, subjects=93
[17:13:11] [LaBram] svm | sessions=100
[17:13:19] [CBraMod] random_forest | sessions=95 DONE in 1163.7s (bal_acc=0.524, auc=0.609)
[17:13:19] [CBraMod] budget=100: sessions=100, features=200, subjects=93
[17:13:19] [CBraMod] svm | sessions=100
[17:13:22] [LaBram] svm | sessions=100 DONE in 10.5s (bal_acc=0.636, auc=0.546)
[17:13:22] [LaBram] mlp | sessions=100
[17:13:28] [CBraMod] svm | sessions=100 DONE in 9.3s (bal_acc=0.584, auc=0.643)
[17:13:28] [CBraMod] mlp | sessions=100
[17:14:00] [Domain_Knowledge] mlp | sessions=100 DONE in 71.3s (bal_acc=0.623, auc=0.684)
[17:14:00] [Domain_Knowledge] kernel_ridge | sessions=100
[17:14:05] [TOTEM] mlp | sessions=100 DONE in 57.2s (bal_acc=0.518, auc=0.522)
[17:14:05] [TOTEM] kernel_ridge | sessions=100
[17:14:07] [Domain_Knowledge] kernel_ridge | sessions=100 DONE in 7.3s (bal_acc=0.673, auc=0.710)
[17:14:07] [Domain_Knowledge] random_forest | sessions=100
[17:14:14] [TOTEM] kernel_ridge | sessions=100 DONE in 9.6s (bal_acc=0.453, auc=0.405)
[17:14:14] [TOTEM] random_forest | sessions=100
[17:14:25] [LaBram] mlp | sessions=100 DONE in 63.0s (bal_acc=0.610, auc=0.667)
[17:14:25] [LaBram] kernel_ridge | sessions=100
[17:14:31] [CBraMod] mlp | sessions=100 DONE in 63.0s (bal_acc=0.564, auc=0.611)
[17:14:31] [CBraMod] kernel_ridge | sessions=100
[17:14:36] [LaBram] kernel_ridge | sessions=100 DONE in 10.9s (bal_acc=0.676, auc=0.683)
[17:14:36] [LaBram] random_forest | sessions=100
[17:14:48] [CBraMod] kernel_ridge | sessions=100 DONE in 16.8s (bal_acc=0.603, auc=0.657)
[17:14:48] [CBraMod] random_forest | sessions=100
[17:21:07] [NeuroLM] random_forest | sessions=95 DONE in 1206.5s (bal_acc=0.456, auc=0.495)
[17:21:07] [NeuroLM] budget=100: sessions=100, features=1024, subjects=93
[17:21:07] [NeuroLM] svm | sessions=100
[17:21:30] [NeuroLM] svm | sessions=100 DONE in 23.3s (bal_acc=0.583, auc=0.668)
[17:21:30] [NeuroLM] mlp | sessions=100
[17:23:43] [NeuroLM] mlp | sessions=100 DONE in 133.0s (bal_acc=0.662, auc=0.706)
[17:23:43] [NeuroLM] kernel_ridge | sessions=100
[17:24:00] [NeuroLM] kernel_ridge | sessions=100 DONE in 16.6s (bal_acc=0.651, auc=0.676)
[17:24:00] [NeuroLM] random_forest | sessions=100
[17:33:43] [Domain_Knowledge] random_forest | sessions=100 DONE in 1175.1s (bal_acc=0.712, auc=0.776)
[17:33:43] [Domain_Knowledge] budget=105: sessions=105, features=36, subjects=98
[17:33:43] [Domain_Knowledge] svm | sessions=105
[17:33:50] [TOTEM] random_forest | sessions=100 DONE in 1175.3s (bal_acc=0.537, auc=0.528)
[17:33:50] [TOTEM] budget=105: sessions=105, features=64, subjects=98
[17:33:50] [TOTEM] svm | sessions=105
[17:33:50] [Domain_Knowledge] svm | sessions=105 DONE in 7.4s (bal_acc=0.621, auc=0.685)
[17:33:50] [Domain_Knowledge] mlp | sessions=105
[17:33:58] [TOTEM] svm | sessions=105 DONE in 8.7s (bal_acc=0.587, auc=0.488)
[17:33:58] [TOTEM] mlp | sessions=105
[17:34:07] [LaBram] random_forest | sessions=100 DONE in 1171.6s (bal_acc=0.654, auc=0.656)
[17:34:07] [LaBram] budget=105: sessions=105, features=200, subjects=98
[17:34:07] [LaBram] svm | sessions=105
[17:34:15] [CBraMod] random_forest | sessions=100 DONE in 1166.9s (bal_acc=0.575, auc=0.677)
[17:34:15] [CBraMod] budget=105: sessions=105, features=200, subjects=98
[17:34:15] [CBraMod] svm | sessions=105
[17:34:18] [LaBram] svm | sessions=105 DONE in 10.9s (bal_acc=0.591, auc=0.605)
[17:34:18] [LaBram] mlp | sessions=105
[17:34:24] [CBraMod] svm | sessions=105 DONE in 9.4s (bal_acc=0.502, auc=0.489)
[17:34:24] [CBraMod] mlp | sessions=105
[17:34:55] [TOTEM] mlp | sessions=105 DONE in 56.3s (bal_acc=0.500, auc=0.526)
[17:34:55] [TOTEM] kernel_ridge | sessions=105
[17:34:55] [Domain_Knowledge] mlp | sessions=105 DONE in 65.1s (bal_acc=0.573, auc=0.574)
[17:34:55] [Domain_Knowledge] kernel_ridge | sessions=105
[17:35:04] [TOTEM] kernel_ridge | sessions=105 DONE in 9.5s (bal_acc=0.596, auc=0.560)
[17:35:04] [TOTEM] random_forest | sessions=105
[17:35:05] [Domain_Knowledge] kernel_ridge | sessions=105 DONE in 10.0s (bal_acc=0.592, auc=0.659)
[17:35:05] [Domain_Knowledge] random_forest | sessions=105
[17:35:32] [LaBram] mlp | sessions=105 DONE in 74.3s (bal_acc=0.542, auc=0.615)
[17:35:32] [LaBram] kernel_ridge | sessions=105
[17:35:37] [CBraMod] mlp | sessions=105 DONE in 72.6s (bal_acc=0.568, auc=0.612)
[17:35:37] [CBraMod] kernel_ridge | sessions=105
[17:35:43] [LaBram] kernel_ridge | sessions=105 DONE in 10.7s (bal_acc=0.597, auc=0.566)
[17:35:43] [LaBram] random_forest | sessions=105
[17:35:48] [CBraMod] kernel_ridge | sessions=105 DONE in 11.7s (bal_acc=0.535, auc=0.563)
[17:35:48] [CBraMod] random_forest | sessions=105
[17:43:57] [NeuroLM] random_forest | sessions=100 DONE in 1197.8s (bal_acc=0.587, auc=0.658)
[17:43:57] [NeuroLM] budget=105: sessions=105, features=1024, subjects=98
[17:43:57] [NeuroLM] svm | sessions=105
[17:44:20] [NeuroLM] svm | sessions=105 DONE in 22.6s (bal_acc=0.590, auc=0.565)
[17:44:20] [NeuroLM] mlp | sessions=105
[17:46:26] [NeuroLM] mlp | sessions=105 DONE in 125.5s (bal_acc=0.598, auc=0.627)
[17:46:26] [NeuroLM] kernel_ridge | sessions=105
[17:46:40] [NeuroLM] kernel_ridge | sessions=105 DONE in 14.0s (bal_acc=0.578, auc=0.614)
[17:46:40] [NeuroLM] random_forest | sessions=105
[17:54:37] [TOTEM] random_forest | sessions=105 DONE in 1173.3s (bal_acc=0.508, auc=0.464)
[17:54:37] [TOTEM] budget=110: sessions=110, features=64, subjects=100
[17:54:37] [TOTEM] svm | sessions=110
[17:54:47] [TOTEM] svm | sessions=110 DONE in 9.9s (bal_acc=0.471, auc=0.503)
[17:54:47] [TOTEM] mlp | sessions=110
[17:54:51] [Domain_Knowledge] random_forest | sessions=105 DONE in 1186.3s (bal_acc=0.663, auc=0.742)
[17:54:51] [Domain_Knowledge] budget=110: sessions=110, features=36, subjects=100
[17:54:51] [Domain_Knowledge] svm | sessions=110
[17:54:58] [Domain_Knowledge] svm | sessions=110 DONE in 6.8s (bal_acc=0.497, auc=0.496)
[17:54:58] [Domain_Knowledge] mlp | sessions=110
[17:55:10] [LaBram] random_forest | sessions=105 DONE in 1167.3s (bal_acc=0.634, auc=0.636)
[17:55:10] [LaBram] budget=110: sessions=110, features=200, subjects=100
[17:55:10] [LaBram] svm | sessions=110
[17:55:14] [CBraMod] random_forest | sessions=105 DONE in 1165.8s (bal_acc=0.491, auc=0.577)
[17:55:14] [CBraMod] budget=110: sessions=110, features=200, subjects=100
[17:55:14] [CBraMod] svm | sessions=110
[17:55:21] [LaBram] svm | sessions=110 DONE in 11.0s (bal_acc=0.496, auc=0.488)
[17:55:21] [LaBram] mlp | sessions=110
[17:55:24] [CBraMod] svm | sessions=110 DONE in 10.3s (bal_acc=0.574, auc=0.476)
[17:55:24] [CBraMod] mlp | sessions=110
[17:56:02] [TOTEM] mlp | sessions=110 DONE in 74.5s (bal_acc=0.479, auc=0.493)
[17:56:02] [TOTEM] kernel_ridge | sessions=110
[17:56:03] [Domain_Knowledge] mlp | sessions=110 DONE in 65.1s (bal_acc=0.490, auc=0.572)
[17:56:03] [Domain_Knowledge] kernel_ridge | sessions=110
[17:56:12] [TOTEM] kernel_ridge | sessions=110 DONE in 10.0s (bal_acc=0.465, auc=0.534)
[17:56:12] [TOTEM] random_forest | sessions=110
[17:56:13] [Domain_Knowledge] kernel_ridge | sessions=110 DONE in 9.4s (bal_acc=0.510, auc=0.559)
[17:56:13] [Domain_Knowledge] random_forest | sessions=110
[17:56:17] [LaBram] mlp | sessions=110 DONE in 55.6s (bal_acc=0.534, auc=0.583)
[17:56:17] [LaBram] kernel_ridge | sessions=110
[17:56:19] [CBraMod] mlp | sessions=110 DONE in 54.6s (bal_acc=0.648, auc=0.698)
[17:56:19] [CBraMod] kernel_ridge | sessions=110
[17:56:28] [LaBram] kernel_ridge | sessions=110 DONE in 10.8s (bal_acc=0.549, auc=0.629)
[17:56:28] [LaBram] random_forest | sessions=110
[17:56:30] [CBraMod] kernel_ridge | sessions=110 DONE in 10.8s (bal_acc=0.588, auc=0.622)
[17:56:30] [CBraMod] random_forest | sessions=110
[18:06:47] [NeuroLM] random_forest | sessions=105 DONE in 1207.2s (bal_acc=0.582, auc=0.582)
[18:06:47] [NeuroLM] budget=110: sessions=110, features=1024, subjects=100
[18:06:47] [NeuroLM] svm | sessions=110
[18:07:09] [NeuroLM] svm | sessions=110 DONE in 22.6s (bal_acc=0.598, auc=0.583)
[18:07:09] [NeuroLM] mlp | sessions=110
[18:09:35] [NeuroLM] mlp | sessions=110 DONE in 145.3s (bal_acc=0.537, auc=0.571)
[18:09:35] [NeuroLM] kernel_ridge | sessions=110
[18:09:52] [NeuroLM] kernel_ridge | sessions=110 DONE in 17.3s (bal_acc=0.536, auc=0.574)
[18:09:52] [NeuroLM] random_forest | sessions=110
[18:15:50] [TOTEM] random_forest | sessions=110 DONE in 1178.2s (bal_acc=0.474, auc=0.393)
[18:15:50] [TOTEM] budget=115: sessions=115, features=64, subjects=110
[18:15:50] [TOTEM] svm | sessions=115
[18:15:55] [LaBram] random_forest | sessions=110 DONE in 1167.7s (bal_acc=0.577, auc=0.578)
[18:15:55] [LaBram] budget=115: sessions=115, features=200, subjects=110
[18:15:55] [LaBram] svm | sessions=115
[18:15:59] [CBraMod] random_forest | sessions=110 DONE in 1169.0s (bal_acc=0.594, auc=0.585)
[18:15:59] [CBraMod] budget=115: sessions=115, features=200, subjects=110
[18:15:59] [CBraMod] svm | sessions=115
[18:15:59] [TOTEM] svm | sessions=115 DONE in 9.4s (bal_acc=0.520, auc=0.427)
[18:15:59] [TOTEM] mlp | sessions=115
[18:16:02] [Domain_Knowledge] random_forest | sessions=110 DONE in 1189.1s (bal_acc=0.574, auc=0.609)
[18:16:02] [Domain_Knowledge] budget=115: sessions=115, features=36, subjects=110
[18:16:02] [Domain_Knowledge] svm | sessions=115
[18:16:07] [Domain_Knowledge] svm | sessions=115 DONE in 5.0s (bal_acc=0.623, auc=0.659)
[18:16:07] [Domain_Knowledge] mlp | sessions=115
[18:16:08] [LaBram] svm | sessions=115 DONE in 12.3s (bal_acc=0.604, auc=0.476)
[18:16:08] [LaBram] mlp | sessions=115
[18:16:10] [CBraMod] svm | sessions=115 DONE in 11.4s (bal_acc=0.563, auc=0.560)
[18:16:10] [CBraMod] mlp | sessions=115
[18:16:54] [TOTEM] mlp | sessions=115 DONE in 54.6s (bal_acc=0.540, auc=0.486)
[18:16:54] [TOTEM] kernel_ridge | sessions=115
[18:16:58] [Domain_Knowledge] mlp | sessions=115 DONE in 50.9s (bal_acc=0.582, auc=0.633)
[18:16:58] [Domain_Knowledge] kernel_ridge | sessions=115
[18:17:03] [LaBram] mlp | sessions=115 DONE in 55.1s (bal_acc=0.537, auc=0.574)
[18:17:03] [LaBram] kernel_ridge | sessions=115
[18:17:04] [TOTEM] kernel_ridge | sessions=115 DONE in 9.8s (bal_acc=0.470, auc=0.525)
[18:17:04] [TOTEM] random_forest | sessions=115
[18:17:06] [CBraMod] mlp | sessions=115 DONE in 55.5s (bal_acc=0.581, auc=0.642)
[18:17:06] [CBraMod] kernel_ridge | sessions=115
[18:17:07] [Domain_Knowledge] kernel_ridge | sessions=115 DONE in 9.7s (bal_acc=0.561, auc=0.640)
[18:17:07] [Domain_Knowledge] random_forest | sessions=115
[18:17:14] [LaBram] kernel_ridge | sessions=115 DONE in 10.8s (bal_acc=0.568, auc=0.605)
[18:17:14] [LaBram] random_forest | sessions=115
[18:17:17] [CBraMod] kernel_ridge | sessions=115 DONE in 11.3s (bal_acc=0.521, auc=0.593)
[18:17:17] [CBraMod] random_forest | sessions=115
[18:30:25] [NeuroLM] random_forest | sessions=110 DONE in 1232.9s (bal_acc=0.558, auc=0.620)
[18:30:25] [NeuroLM] budget=115: sessions=115, features=1024, subjects=110
[18:30:25] [NeuroLM] svm | sessions=115
[18:30:48] [NeuroLM] svm | sessions=115 DONE in 22.7s (bal_acc=0.637, auc=0.700)
[18:30:48] [NeuroLM] mlp | sessions=115
[18:33:06] [NeuroLM] mlp | sessions=115 DONE in 137.8s (bal_acc=0.564, auc=0.576)
[18:33:06] [NeuroLM] kernel_ridge | sessions=115
[18:33:20] [NeuroLM] kernel_ridge | sessions=115 DONE in 14.9s (bal_acc=0.623, auc=0.701)
[18:33:20] [NeuroLM] random_forest | sessions=115
[18:36:40] [TOTEM] random_forest | sessions=115 DONE in 1175.8s (bal_acc=0.503, auc=0.515)
[18:36:40] [TOTEM] budget=120: sessions=120, features=64, subjects=116
[18:36:40] [TOTEM] svm | sessions=120
[18:36:40] [LaBram] random_forest | sessions=115 DONE in 1166.8s (bal_acc=0.667, auc=0.657)
[18:36:40] [LaBram] budget=120: sessions=120, features=200, subjects=116
[18:36:40] [LaBram] svm | sessions=120
[18:36:42] [CBraMod] random_forest | sessions=115 DONE in 1164.7s (bal_acc=0.550, auc=0.582)
[18:36:42] [CBraMod] budget=120: sessions=120, features=200, subjects=116
[18:36:42] [CBraMod] svm | sessions=120
[18:36:48] [TOTEM] svm | sessions=120 DONE in 8.6s (bal_acc=0.582, auc=0.573)
[18:36:48] [TOTEM] mlp | sessions=120
[18:36:53] [LaBram] svm | sessions=120 DONE in 12.8s (bal_acc=0.616, auc=0.662)
[18:36:53] [LaBram] mlp | sessions=120
[18:36:54] [CBraMod] svm | sessions=120 DONE in 12.5s (bal_acc=0.611, auc=0.661)
[18:36:54] [CBraMod] mlp | sessions=120
[18:36:55] [Domain_Knowledge] random_forest | sessions=115 DONE in 1187.6s (bal_acc=0.620, auc=0.704)
[18:36:55] [Domain_Knowledge] budget=120: sessions=120, features=36, subjects=116
[18:36:55] [Domain_Knowledge] svm | sessions=120
[18:37:01] [Domain_Knowledge] svm | sessions=120 DONE in 6.4s (bal_acc=0.632, auc=0.641)
[18:37:01] [Domain_Knowledge] mlp | sessions=120
[18:37:42] [Domain_Knowledge] mlp | sessions=120 DONE in 40.6s (bal_acc=0.587, auc=0.623)
[18:37:42] [Domain_Knowledge] kernel_ridge | sessions=120
[18:37:51] [Domain_Knowledge] kernel_ridge | sessions=120 DONE in 9.4s (bal_acc=0.622, auc=0.713)
[18:37:51] [Domain_Knowledge] random_forest | sessions=120
[18:37:54] [TOTEM] mlp | sessions=120 DONE in 65.8s (bal_acc=0.492, auc=0.509)
[18:37:54] [TOTEM] kernel_ridge | sessions=120
[18:38:04] [TOTEM] kernel_ridge | sessions=120 DONE in 10.0s (bal_acc=0.570, auc=0.573)
[18:38:04] [TOTEM] random_forest | sessions=120
[18:38:15] [LaBram] mlp | sessions=120 DONE in 82.0s (bal_acc=0.594, auc=0.663)
[18:38:15] [LaBram] kernel_ridge | sessions=120
[18:38:18] [CBraMod] mlp | sessions=120 DONE in 83.9s (bal_acc=0.647, auc=0.682)
[18:38:18] [CBraMod] kernel_ridge | sessions=120
[18:38:26] [LaBram] kernel_ridge | sessions=120 DONE in 11.0s (bal_acc=0.583, auc=0.649)
[18:38:26] [LaBram] random_forest | sessions=120
[18:38:31] [CBraMod] kernel_ridge | sessions=120 DONE in 12.7s (bal_acc=0.669, auc=0.702)
[18:38:31] [CBraMod] random_forest | sessions=120
[18:53:55] [NeuroLM] random_forest | sessions=115 DONE in 1235.0s (bal_acc=0.561, auc=0.660)
[18:53:55] [NeuroLM] budget=120: sessions=120, features=1024, subjects=116
[18:53:55] [NeuroLM] svm | sessions=120
[18:54:18] [NeuroLM] svm | sessions=120 DONE in 22.8s (bal_acc=0.623, auc=0.644)
[18:54:18] [NeuroLM] mlp | sessions=120
[18:56:43] [NeuroLM] mlp | sessions=120 DONE in 145.0s (bal_acc=0.579, auc=0.645)
[18:56:43] [NeuroLM] kernel_ridge | sessions=120
[18:56:59] [NeuroLM] kernel_ridge | sessions=120 DONE in 15.9s (bal_acc=0.623, auc=0.670)
[18:56:59] [NeuroLM] random_forest | sessions=120
[18:57:37] [TOTEM] random_forest | sessions=120 DONE in 1173.2s (bal_acc=0.579, auc=0.590)
[18:57:37] [TOTEM] budget=125: sessions=125, features=64, subjects=111
[18:57:37] [TOTEM] svm | sessions=125
[18:57:38] [Domain_Knowledge] random_forest | sessions=120 DONE in 1186.5s (bal_acc=0.626, auc=0.669)
[18:57:38] [Domain_Knowledge] budget=125: sessions=125, features=36, subjects=111
[18:57:38] [Domain_Knowledge] svm | sessions=125
[18:57:46] [Domain_Knowledge] svm | sessions=125 DONE in 8.1s (bal_acc=0.633, auc=0.664)
[18:57:46] [Domain_Knowledge] mlp | sessions=125
[18:57:48] [TOTEM] svm | sessions=125 DONE in 10.8s (bal_acc=0.527, auc=0.500)
[18:57:48] [TOTEM] mlp | sessions=125
[18:57:56] [LaBram] random_forest | sessions=120 DONE in 1169.4s (bal_acc=0.602, auc=0.629)
[18:57:56] [LaBram] budget=125: sessions=125, features=200, subjects=111
[18:57:56] [LaBram] svm | sessions=125
[18:57:56] [CBraMod] random_forest | sessions=120 DONE in 1165.3s (bal_acc=0.634, auc=0.695)
[18:57:56] [CBraMod] budget=125: sessions=125, features=200, subjects=111
[18:57:56] [CBraMod] svm | sessions=125
[18:58:06] [CBraMod] svm | sessions=125 DONE in 9.6s (bal_acc=0.631, auc=0.646)
[18:58:06] [CBraMod] mlp | sessions=125
[18:58:06] [LaBram] svm | sessions=125 DONE in 10.4s (bal_acc=0.575, auc=0.658)
[18:58:06] [LaBram] mlp | sessions=125
[18:58:46] [Domain_Knowledge] mlp | sessions=125 DONE in 60.1s (bal_acc=0.554, auc=0.578)
[18:58:46] [Domain_Knowledge] kernel_ridge | sessions=125
[18:58:52] [Domain_Knowledge] kernel_ridge | sessions=125 DONE in 5.8s (bal_acc=0.627, auc=0.646)
[18:58:52] [Domain_Knowledge] random_forest | sessions=125
[18:58:53] [TOTEM] mlp | sessions=125 DONE in 65.2s (bal_acc=0.461, auc=0.484)
[18:58:53] [TOTEM] kernel_ridge | sessions=125
[18:59:02] [TOTEM] kernel_ridge | sessions=125 DONE in 9.0s (bal_acc=0.539, auc=0.619)
[18:59:02] [TOTEM] random_forest | sessions=125
[18:59:19] [CBraMod] mlp | sessions=125 DONE in 73.7s (bal_acc=0.577, auc=0.606)
[18:59:19] [CBraMod] kernel_ridge | sessions=125
[18:59:20] [LaBram] mlp | sessions=125 DONE in 74.4s (bal_acc=0.626, auc=0.634)
[18:59:20] [LaBram] kernel_ridge | sessions=125
[18:59:30] [CBraMod] kernel_ridge | sessions=125 DONE in 10.9s (bal_acc=0.556, auc=0.619)
[18:59:30] [CBraMod] random_forest | sessions=125
[18:59:32] [LaBram] kernel_ridge | sessions=125 DONE in 11.9s (bal_acc=0.687, auc=0.714)
[18:59:32] [LaBram] random_forest | sessions=125
[19:17:36] [NeuroLM] random_forest | sessions=120 DONE in 1237.2s (bal_acc=0.615, auc=0.628)
[19:17:36] [NeuroLM] budget=125: sessions=125, features=1024, subjects=111
[19:17:36] [NeuroLM] svm | sessions=125
[19:17:59] [NeuroLM] svm | sessions=125 DONE in 23.0s (bal_acc=0.662, auc=0.657)
[19:17:59] [NeuroLM] mlp | sessions=125
[19:18:53] [TOTEM] random_forest | sessions=125 DONE in 1190.3s (bal_acc=0.571, auc=0.556)
[19:18:53] [TOTEM] budget=130: sessions=130, features=64, subjects=117
[19:18:53] [TOTEM] svm | sessions=130
[19:18:59] [Domain_Knowledge] random_forest | sessions=125 DONE in 1207.4s (bal_acc=0.610, auc=0.664)
[19:18:59] [Domain_Knowledge] budget=130: sessions=130, features=36, subjects=117
[19:18:59] [Domain_Knowledge] svm | sessions=130
[19:19:02] [TOTEM] svm | sessions=130 DONE in 9.9s (bal_acc=0.513, auc=0.555)
[19:19:02] [TOTEM] mlp | sessions=130
[19:19:06] [LaBram] random_forest | sessions=125 DONE in 1173.9s (bal_acc=0.617, auc=0.713)
[19:19:06] [LaBram] budget=130: sessions=130, features=200, subjects=117
[19:19:06] [LaBram] svm | sessions=130
[19:19:09] [Domain_Knowledge] svm | sessions=130 DONE in 9.3s (bal_acc=0.613, auc=0.638)
[19:19:09] [Domain_Knowledge] mlp | sessions=130
[19:19:09] [CBraMod] random_forest | sessions=125 DONE in 1178.2s (bal_acc=0.640, auc=0.672)
[19:19:09] [CBraMod] budget=130: sessions=130, features=200, subjects=117
[19:19:09] [CBraMod] svm | sessions=130
[19:19:16] [LaBram] svm | sessions=130 DONE in 10.0s (bal_acc=0.522, auc=0.566)
[19:19:16] [LaBram] mlp | sessions=130
[19:19:18] [CBraMod] svm | sessions=130 DONE in 9.2s (bal_acc=0.625, auc=0.674)
[19:19:18] [CBraMod] mlp | sessions=130
[19:19:34] [Domain_Knowledge] mlp | sessions=130 DONE in 25.7s (bal_acc=0.582, auc=0.581)
[19:19:34] [Domain_Knowledge] kernel_ridge | sessions=130
[19:19:38] [Domain_Knowledge] kernel_ridge | sessions=130 DONE in 4.1s (bal_acc=0.575, auc=0.613)
[19:19:38] [Domain_Knowledge] random_forest | sessions=130
[19:20:31] [TOTEM] mlp | sessions=130 DONE in 88.7s (bal_acc=0.488, auc=0.548)
[19:20:31] [TOTEM] kernel_ridge | sessions=130
[19:20:38] [TOTEM] kernel_ridge | sessions=130 DONE in 6.6s (bal_acc=0.572, auc=0.530)
[19:20:38] [TOTEM] random_forest | sessions=130
[19:21:07] [NeuroLM] mlp | sessions=125 DONE in 187.7s (bal_acc=0.595, auc=0.660)
[19:21:07] [NeuroLM] kernel_ridge | sessions=125
[19:21:22] [NeuroLM] kernel_ridge | sessions=125 DONE in 14.4s (bal_acc=0.650, auc=0.650)
[19:21:22] [NeuroLM] random_forest | sessions=125
[19:21:29] [LaBram] mlp | sessions=130 DONE in 133.1s (bal_acc=0.530, auc=0.576)
[19:21:29] [LaBram] kernel_ridge | sessions=130
[19:21:32] [CBraMod] mlp | sessions=130 DONE in 134.2s (bal_acc=0.594, auc=0.600)
[19:21:32] [CBraMod] kernel_ridge | sessions=130
[19:21:40] [LaBram] kernel_ridge | sessions=130 DONE in 11.1s (bal_acc=0.569, auc=0.554)
[19:21:40] [LaBram] random_forest | sessions=130
[19:21:44] [CBraMod] kernel_ridge | sessions=130 DONE in 12.2s (bal_acc=0.602, auc=0.683)
[19:21:44] [CBraMod] random_forest | sessions=130
[19:37:50] [Domain_Knowledge] random_forest | sessions=130 DONE in 1091.6s (bal_acc=0.615, auc=0.638)
[19:37:50] [Domain_Knowledge] budget=135: sessions=135, features=36, subjects=122
[19:37:50] [Domain_Knowledge] svm | sessions=135
[19:37:58] [Domain_Knowledge] svm | sessions=135 DONE in 8.5s (bal_acc=0.582, auc=0.602)
[19:37:58] [Domain_Knowledge] mlp | sessions=135
[19:39:57] [TOTEM] random_forest | sessions=130 DONE in 1158.9s (bal_acc=0.543, auc=0.537)
[19:39:57] [TOTEM] budget=135: sessions=135, features=64, subjects=122
[19:39:57] [TOTEM] svm | sessions=135
[19:40:07] [TOTEM] svm | sessions=135 DONE in 10.0s (bal_acc=0.580, auc=0.486)
[19:40:07] [TOTEM] mlp | sessions=135
[19:40:42] [Domain_Knowledge] mlp | sessions=135 DONE in 164.0s (bal_acc=0.542, auc=0.526)
[19:40:42] [Domain_Knowledge] kernel_ridge | sessions=135
[19:40:45] [CBraMod] random_forest | sessions=130 DONE in 1140.6s (bal_acc=0.668, auc=0.663)
[19:40:45] [CBraMod] budget=135: sessions=135, features=200, subjects=122
[19:40:45] [CBraMod] svm | sessions=135
[19:40:48] [LaBram] random_forest | sessions=130 DONE in 1147.4s (bal_acc=0.549, auc=0.546)
[19:40:48] [LaBram] budget=135: sessions=135, features=200, subjects=122
[19:40:48] [LaBram] svm | sessions=135
[19:40:54] [Domain_Knowledge] kernel_ridge | sessions=135 DONE in 11.3s (bal_acc=0.572, auc=0.561)
[19:40:54] [Domain_Knowledge] random_forest | sessions=135
[19:40:56] [CBraMod] svm | sessions=135 DONE in 11.4s (bal_acc=0.580, auc=0.581)
[19:40:56] [CBraMod] mlp | sessions=135
[19:40:59] [LaBram] svm | sessions=135 DONE in 11.1s (bal_acc=0.601, auc=0.604)
[19:40:59] [LaBram] mlp | sessions=135
[19:41:21] [NeuroLM] random_forest | sessions=125 DONE in 1199.4s (bal_acc=0.629, auc=0.663)
[19:41:21] [NeuroLM] budget=130: sessions=130, features=1024, subjects=117
[19:41:21] [NeuroLM] svm | sessions=130
[19:41:29] [TOTEM] mlp | sessions=135 DONE in 82.4s (bal_acc=0.527, auc=0.580)
[19:41:29] [TOTEM] kernel_ridge | sessions=135
[19:41:40] [TOTEM] kernel_ridge | sessions=135 DONE in 10.5s (bal_acc=0.560, auc=0.587)
[19:41:40] [TOTEM] random_forest | sessions=135
[19:41:40] [NeuroLM] svm | sessions=130 DONE in 19.2s (bal_acc=0.628, auc=0.684)
[19:41:40] [NeuroLM] mlp | sessions=130
[19:41:59] [CBraMod] mlp | sessions=135 DONE in 63.0s (bal_acc=0.554, auc=0.554)
[19:41:59] [CBraMod] kernel_ridge | sessions=135
[19:41:59] [LaBram] mlp | sessions=135 DONE in 60.3s (bal_acc=0.550, auc=0.549)
[19:41:59] [LaBram] kernel_ridge | sessions=135
[19:42:11] [LaBram] kernel_ridge | sessions=135 DONE in 11.3s (bal_acc=0.581, auc=0.636)
[19:42:11] [LaBram] random_forest | sessions=135
[19:42:11] [CBraMod] kernel_ridge | sessions=135 DONE in 12.0s (bal_acc=0.576, auc=0.647)
[19:42:11] [CBraMod] random_forest | sessions=135
[19:43:35] [NeuroLM] mlp | sessions=130 DONE in 114.4s (bal_acc=0.592, auc=0.579)
[19:43:35] [NeuroLM] kernel_ridge | sessions=130
[19:43:52] [NeuroLM] kernel_ridge | sessions=130 DONE in 17.2s (bal_acc=0.637, auc=0.667)
[19:43:52] [NeuroLM] random_forest | sessions=130
[20:00:51] [Domain_Knowledge] random_forest | sessions=135 DONE in 1197.7s (bal_acc=0.585, auc=0.582)
[20:00:51] [Domain_Knowledge] budget=140: sessions=140, features=36, subjects=129
[20:00:51] [Domain_Knowledge] svm | sessions=140
[20:01:00] [Domain_Knowledge] svm | sessions=140 DONE in 9.0s (bal_acc=0.621, auc=0.739)
[20:01:00] [Domain_Knowledge] mlp | sessions=140
[20:01:23] [TOTEM] random_forest | sessions=135 DONE in 1183.5s (bal_acc=0.607, auc=0.618)
[20:01:23] [TOTEM] budget=140: sessions=140, features=64, subjects=129
[20:01:23] [TOTEM] svm | sessions=140
[20:01:34] [TOTEM] svm | sessions=140 DONE in 10.5s (bal_acc=0.594, auc=0.560)
[20:01:34] [TOTEM] mlp | sessions=140
[20:01:44] [CBraMod] random_forest | sessions=135 DONE in 1173.4s (bal_acc=0.501, auc=0.557)
[20:01:44] [CBraMod] budget=140: sessions=140, features=200, subjects=129
[20:01:44] [CBraMod] svm | sessions=140
[20:01:45] [LaBram] random_forest | sessions=135 DONE in 1174.5s (bal_acc=0.575, auc=0.591)
[20:01:45] [LaBram] budget=140: sessions=140, features=200, subjects=129
[20:01:45] [LaBram] svm | sessions=140
[20:01:55] [CBraMod] svm | sessions=140 DONE in 10.6s (bal_acc=0.638, auc=0.670)
[20:01:55] [CBraMod] mlp | sessions=140
[20:01:55] [LaBram] svm | sessions=140 DONE in 10.1s (bal_acc=0.618, auc=0.668)
[20:01:55] [LaBram] mlp | sessions=140
[20:02:25] [Domain_Knowledge] mlp | sessions=140 DONE in 84.8s (bal_acc=0.598, auc=0.655)
[20:02:25] [Domain_Knowledge] kernel_ridge | sessions=140
[20:02:35] [Domain_Knowledge] kernel_ridge | sessions=140 DONE in 9.3s (bal_acc=0.625, auc=0.709)
[20:02:35] [Domain_Knowledge] random_forest | sessions=140
[20:02:37] [TOTEM] mlp | sessions=140 DONE in 63.9s (bal_acc=0.526, auc=0.572)
[20:02:37] [TOTEM] kernel_ridge | sessions=140
[20:02:48] [TOTEM] kernel_ridge | sessions=140 DONE in 10.5s (bal_acc=0.580, auc=0.602)
[20:02:48] [TOTEM] random_forest | sessions=140
[20:02:54] [LaBram] mlp | sessions=140 DONE in 58.9s (bal_acc=0.571, auc=0.638)
[20:02:54] [LaBram] kernel_ridge | sessions=140
[20:02:56] [CBraMod] mlp | sessions=140 DONE in 61.3s (bal_acc=0.602, auc=0.642)
[20:02:56] [CBraMod] kernel_ridge | sessions=140
[20:03:05] [LaBram] kernel_ridge | sessions=140 DONE in 11.0s (bal_acc=0.569, auc=0.648)
[20:03:05] [LaBram] random_forest | sessions=140
[20:03:09] [CBraMod] kernel_ridge | sessions=140 DONE in 12.8s (bal_acc=0.631, auc=0.694)
[20:03:09] [CBraMod] random_forest | sessions=140
[20:04:04] [NeuroLM] random_forest | sessions=130 DONE in 1212.3s (bal_acc=0.607, auc=0.615)
[20:04:04] [NeuroLM] budget=135: sessions=135, features=1024, subjects=122
[20:04:04] [NeuroLM] svm | sessions=135
[20:04:26] [NeuroLM] svm | sessions=135 DONE in 22.4s (bal_acc=0.544, auc=0.578)
[20:04:26] [NeuroLM] mlp | sessions=135
[20:06:43] [NeuroLM] mlp | sessions=135 DONE in 136.2s (bal_acc=0.545, auc=0.544)
[20:06:43] [NeuroLM] kernel_ridge | sessions=135
[20:07:01] [NeuroLM] kernel_ridge | sessions=135 DONE in 18.2s (bal_acc=0.545, auc=0.570)
[20:07:01] [NeuroLM] random_forest | sessions=135
[20:22:15] [TOTEM] random_forest | sessions=140 DONE in 1167.1s (bal_acc=0.557, auc=0.545)
[20:22:15] [TOTEM] budget=145: sessions=145, features=64, subjects=136
[20:22:15] [TOTEM] svm | sessions=145
[20:22:26] [Domain_Knowledge] random_forest | sessions=140 DONE in 1191.7s (bal_acc=0.696, auc=0.764)
[20:22:26] [Domain_Knowledge] budget=145: sessions=145, features=36, subjects=136
[20:22:26] [Domain_Knowledge] svm | sessions=145
[20:22:27] [TOTEM] svm | sessions=145 DONE in 11.8s (bal_acc=0.639, auc=0.637)
[20:22:27] [TOTEM] mlp | sessions=145
[20:22:35] [LaBram] random_forest | sessions=140 DONE in 1169.5s (bal_acc=0.623, auc=0.693)
[20:22:35] [LaBram] budget=145: sessions=145, features=200, subjects=136
[20:22:35] [LaBram] svm | sessions=145
[20:22:36] [Domain_Knowledge] svm | sessions=145 DONE in 9.4s (bal_acc=0.704, auc=0.752)
[20:22:36] [Domain_Knowledge] mlp | sessions=145
[20:22:40] [CBraMod] random_forest | sessions=140 DONE in 1170.6s (bal_acc=0.620, auc=0.674)
[20:22:40] [CBraMod] budget=145: sessions=145, features=200, subjects=136
[20:22:40] [CBraMod] svm | sessions=145
[20:22:46] [LaBram] svm | sessions=145 DONE in 11.6s (bal_acc=0.698, auc=0.688)
[20:22:46] [LaBram] mlp | sessions=145
[20:22:50] [CBraMod] svm | sessions=145 DONE in 10.6s (bal_acc=0.636, auc=0.695)
[20:22:50] [CBraMod] mlp | sessions=145
[20:23:26] [Domain_Knowledge] mlp | sessions=145 DONE in 50.1s (bal_acc=0.653, auc=0.722)
[20:23:26] [Domain_Knowledge] kernel_ridge | sessions=145
[20:23:35] [Domain_Knowledge] kernel_ridge | sessions=145 DONE in 9.6s (bal_acc=0.642, auc=0.701)
[20:23:35] [Domain_Knowledge] random_forest | sessions=145
[20:23:39] [TOTEM] mlp | sessions=145 DONE in 72.0s (bal_acc=0.634, auc=0.640)
[20:23:39] [TOTEM] kernel_ridge | sessions=145
[20:23:50] [TOTEM] kernel_ridge | sessions=145 DONE in 10.8s (bal_acc=0.630, auc=0.631)
[20:23:50] [TOTEM] random_forest | sessions=145
[20:23:55] [LaBram] mlp | sessions=145 DONE in 68.7s (bal_acc=0.644, auc=0.702)
[20:23:55] [LaBram] kernel_ridge | sessions=145
[20:23:58] [CBraMod] mlp | sessions=145 DONE in 67.3s (bal_acc=0.594, auc=0.667)
[20:23:58] [CBraMod] kernel_ridge | sessions=145
[20:24:06] [LaBram] kernel_ridge | sessions=145 DONE in 11.4s (bal_acc=0.701, auc=0.714)
[20:24:06] [LaBram] random_forest | sessions=145
[20:24:09] [CBraMod] kernel_ridge | sessions=145 DONE in 11.4s (bal_acc=0.610, auc=0.668)
[20:24:09] [CBraMod] random_forest | sessions=145
[20:27:39] [NeuroLM] random_forest | sessions=135 DONE in 1238.2s (bal_acc=0.560, auc=0.569)
[20:27:39] [NeuroLM] budget=140: sessions=140, features=1024, subjects=129
[20:27:39] [NeuroLM] svm | sessions=140
[20:28:03] [NeuroLM] svm | sessions=140 DONE in 23.5s (bal_acc=0.607, auc=0.693)
[20:28:03] [NeuroLM] mlp | sessions=140
[20:30:40] [NeuroLM] mlp | sessions=140 DONE in 156.9s (bal_acc=0.642, auc=0.696)
[20:30:40] [NeuroLM] kernel_ridge | sessions=140
[20:30:59] [NeuroLM] kernel_ridge | sessions=140 DONE in 19.7s (bal_acc=0.639, auc=0.729)
[20:30:59] [NeuroLM] random_forest | sessions=140
[20:43:09] [TOTEM] random_forest | sessions=145 DONE in 1159.0s (bal_acc=0.550, auc=0.561)
[20:43:09] [TOTEM] budget=150: sessions=150, features=64, subjects=131
[20:43:09] [TOTEM] svm | sessions=150
[20:43:16] [Domain_Knowledge] random_forest | sessions=145 DONE in 1180.2s (bal_acc=0.686, auc=0.749)
[20:43:16] [Domain_Knowledge] budget=150: sessions=150, features=36, subjects=131
[20:43:16] [Domain_Knowledge] svm | sessions=150
[20:43:21] [TOTEM] svm | sessions=150 DONE in 12.5s (bal_acc=0.584, auc=0.641)
[20:43:21] [TOTEM] mlp | sessions=150
[20:43:24] [Domain_Knowledge] svm | sessions=150 DONE in 8.5s (bal_acc=0.547, auc=0.587)
[20:43:24] [Domain_Knowledge] mlp | sessions=150
[20:43:37] [LaBram] random_forest | sessions=145 DONE in 1170.6s (bal_acc=0.683, auc=0.752)
[20:43:37] [LaBram] budget=150: sessions=150, features=200, subjects=131
[20:43:37] [LaBram] svm | sessions=150
[20:43:40] [CBraMod] random_forest | sessions=145 DONE in 1170.7s (bal_acc=0.680, auc=0.731)
[20:43:40] [CBraMod] budget=150: sessions=150, features=200, subjects=131
[20:43:40] [CBraMod] svm | sessions=150
[20:43:48] [LaBram] svm | sessions=150 DONE in 10.7s (bal_acc=0.556, auc=0.643)
[20:43:48] [LaBram] mlp | sessions=150
[20:43:50] [CBraMod] svm | sessions=150 DONE in 10.4s (bal_acc=0.555, auc=0.573)
[20:43:50] [CBraMod] mlp | sessions=150
[20:44:23] [Domain_Knowledge] mlp | sessions=150 DONE in 58.5s (bal_acc=0.561, auc=0.580)
[20:44:23] [Domain_Knowledge] kernel_ridge | sessions=150
[20:44:31] [TOTEM] mlp | sessions=150 DONE in 70.0s (bal_acc=0.584, auc=0.576)
[20:44:31] [TOTEM] kernel_ridge | sessions=150
[20:44:32] [Domain_Knowledge] kernel_ridge | sessions=150 DONE in 9.6s (bal_acc=0.625, auc=0.620)
[20:44:32] [Domain_Knowledge] random_forest | sessions=150
[20:44:42] [TOTEM] kernel_ridge | sessions=150 DONE in 10.8s (bal_acc=0.583, auc=0.613)
[20:44:42] [TOTEM] random_forest | sessions=150
[20:44:55] [LaBram] mlp | sessions=150 DONE in 67.6s (bal_acc=0.591, auc=0.664)
[20:44:55] [LaBram] kernel_ridge | sessions=150
[20:44:58] [CBraMod] mlp | sessions=150 DONE in 67.6s (bal_acc=0.594, auc=0.669)
[20:44:58] [CBraMod] kernel_ridge | sessions=150
[20:45:07] [LaBram] kernel_ridge | sessions=150 DONE in 11.4s (bal_acc=0.595, auc=0.680)
[20:45:07] [LaBram] random_forest | sessions=150
[20:45:10] [CBraMod] kernel_ridge | sessions=150 DONE in 11.8s (bal_acc=0.604, auc=0.672)
[20:45:10] [CBraMod] random_forest | sessions=150
[20:51:46] [NeuroLM] random_forest | sessions=140 DONE in 1246.7s (bal_acc=0.636, auc=0.737)
[20:51:46] [NeuroLM] budget=145: sessions=145, features=1024, subjects=136
[20:51:46] [NeuroLM] svm | sessions=145
[20:52:09] [NeuroLM] svm | sessions=145 DONE in 23.5s (bal_acc=0.648, auc=0.684)
[20:52:09] [NeuroLM] mlp | sessions=145
[20:54:43] [NeuroLM] mlp | sessions=145 DONE in 153.9s (bal_acc=0.658, auc=0.693)
[20:54:43] [NeuroLM] kernel_ridge | sessions=145
[20:54:59] [NeuroLM] kernel_ridge | sessions=145 DONE in 16.1s (bal_acc=0.672, auc=0.730)
[20:54:59] [NeuroLM] random_forest | sessions=145
